shirt_color_name,shirt_hex,pant_color_name,pant_hex,accessory_suggestion,style_type,shirt_r,shirt_g,shirt_b,pant_r,pant_g,pant_b,pant_label,shirt_rgb,distance
red,#FF0000,black,#000000,belt,casual,255,0,0,0,0,0,1,"(255, 0, 0)",360.62445840513925
red,#FF0000,black,#000000,bracelet,sport,255,0,0,0,0,0,1,"(255, 0, 0)",360.62445840513925
red,#FF0000,black,#000000,bracelet,sport,255,0,0,0,0,0,1,"(255, 0, 0)",360.62445840513925
red,#FF0000,black,#000000,cap,sport,255,0,0,0,0,0,1,"(255, 0, 0)",360.62445840513925
red,#FF0000,black,#000000,watch,sport,255,0,0,0,0,0,1,"(255, 0, 0)",360.62445840513925
red,#FF0000,black,#000000,cap,party,255,0,0,0,0,0,1,"(255, 0, 0)",360.62445840513925
red,#FF0000,black,#000000,watch,formal,255,0,0,0,0,0,1,"(255, 0, 0)",360.62445840513925
red,#FF0000,black,#000000,sunglass,formal,255,0,0,0,0,0,1,"(255, 0, 0)",360.62445840513925
red,#FF0000,black,#000000,sunglass,formal,255,0,0,0,0,0,1,"(255, 0, 0)",360.62445840513925
red,#FF0000,black,#000000,bracelet,casual,255,0,0,0,0,0,1,"(255, 0, 0)",360.62445840513925
red,#FF0000,black,#000000,sunglass,casual,255,0,0,0,0,0,1,"(255, 0, 0)",360.62445840513925
red,#FF0000,black,#000000,sunglass,party,255,0,0,0,0,0,1,"(255, 0, 0)",360.62445840513925
red,#FF0000,black,#000000,sunglass,formal,255,0,0,0,0,0,1,"(255, 0, 0)",360.62445840513925
red,#FF0000,black,#000000,bracelet,party,255,0,0,0,0,0,1,"(255, 0, 0)",360.62445840513925
red,#FF0000,black,#000000,cap,formal,255,0,0,0,0,0,1,"(255, 0, 0)",360.62445840513925
red,#FF0000,black,#000000,bracelet,sport,255,0,0,0,0,0,1,"(255, 0, 0)",360.62445840513925
red,#FF0000,black,#000000,sunglass,casual,255,0,0,0,0,0,1,"(255, 0, 0)",360.62445840513925
red,#FF0000,black,#000000,watch,sport,255,0,0,0,0,0,1,"(255, 0, 0)",360.62445840513925
red,#FF0000,black,#000000,cap,casual,255,0,0,0,0,0,1,"(255, 0, 0)",360.62445840513925
red,#FF0000,black,#000000,watch,sport,255,0,0,0,0,0,1,"(255, 0, 0)",360.62445840513925
red,#FF0000,black,#000000,bracelet,sport,255,0,0,0,0,0,1,"(255, 0, 0)",360.62445840513925
red,#FF0000,black,#000000,belt,formal,255,0,0,0,0,0,1,"(255, 0, 0)",360.62445840513925
red,#FF0000,black,#000000,cap,casual,255,0,0,0,0,0,1,"(255, 0, 0)",360.62445840513925
red,#FF0000,black,#000000,sunglass,formal,255,0,0,0,0,0,1,"(255, 0, 0)",360.62445840513925
red,#FF0000,black,#000000,bracelet,casual,255,0,0,0,0,0,1,"(255, 0, 0)",360.62445840513925
red,#FF0000,black,#000000,sunglass,casual,255,0,0,0,0,0,1,"(255, 0, 0)",360.62445840513925
red,#FF0000,black,#000000,sunglass,casual,255,0,0,0,0,0,1,"(255, 0, 0)",360.62445840513925
red,#FF0000,black,#000000,bracelet,casual,255,0,0,0,0,0,1,"(255, 0, 0)",360.62445840513925
red,#FF0000,black,#000000,belt,party,255,0,0,0,0,0,1,"(255, 0, 0)",360.62445840513925
red,#FF0000,black,#000000,watch,party,255,0,0,0,0,0,1,"(255, 0, 0)",360.62445840513925
red,#FF0000,black,#000000,cap,party,255,0,0,0,0,0,1,"(255, 0, 0)",360.62445840513925
red,#FF0000,black,#000000,watch,casual,255,0,0,0,0,0,1,"(255, 0, 0)",360.62445840513925
red,#FF0000,black,#000000,cap,casual,255,0,0,0,0,0,1,"(255, 0, 0)",360.62445840513925
red,#FF0000,black,#000000,watch,casual,255,0,0,0,0,0,1,"(255, 0, 0)",360.62445840513925
red,#FF0000,black,#000000,watch,casual,255,0,0,0,0,0,1,"(255, 0, 0)",360.62445840513925
red,#FF0000,black,#000000,belt,party,255,0,0,0,0,0,1,"(255, 0, 0)",360.62445840513925
red,#FF0000,black,#000000,bracelet,casual,255,0,0,0,0,0,1,"(255, 0, 0)",360.62445840513925
red,#FF0000,black,#000000,belt,formal,255,0,0,0,0,0,1,"(255, 0, 0)",360.62445840513925
red,#FF0000,black,#000000,belt,sport,255,0,0,0,0,0,1,"(255, 0, 0)",360.62445840513925
red,#FF0000,black,#000000,sunglass,sport,255,0,0,0,0,0,1,"(255, 0, 0)",360.62445840513925
red,#FF0000,white,#FFFFFF,sunglass,sport,255,0,0,255,255,255,7,"(255, 0, 0)",360.62445840513925
red,#FF0000,white,#FFFFFF,watch,sport,255,0,0,255,255,255,7,"(255, 0, 0)",360.62445840513925
red,#FF0000,white,#FFFFFF,watch,casual,255,0,0,255,255,255,7,"(255, 0, 0)",360.62445840513925
red,#FF0000,white,#FFFFFF,sunglass,party,255,0,0,255,255,255,7,"(255, 0, 0)",360.62445840513925
red,#FF0000,white,#FFFFFF,belt,party,255,0,0,255,255,255,7,"(255, 0, 0)",360.62445840513925
red,#FF0000,white,#FFFFFF,bracelet,formal,255,0,0,255,255,255,7,"(255, 0, 0)",360.62445840513925
red,#FF0000,white,#FFFFFF,watch,party,255,0,0,255,255,255,7,"(255, 0, 0)",360.62445840513925
red,#FF0000,white,#FFFFFF,watch,formal,255,0,0,255,255,255,7,"(255, 0, 0)",360.62445840513925
red,#FF0000,white,#FFFFFF,belt,formal,255,0,0,255,255,255,7,"(255, 0, 0)",360.62445840513925
red,#FF0000,white,#FFFFFF,belt,casual,255,0,0,255,255,255,7,"(255, 0, 0)",360.62445840513925
red,#FF0000,white,#FFFFFF,sunglass,formal,255,0,0,255,255,255,7,"(255, 0, 0)",360.62445840513925
red,#FF0000,white,#FFFFFF,belt,formal,255,0,0,255,255,255,7,"(255, 0, 0)",360.62445840513925
red,#FF0000,white,#FFFFFF,watch,party,255,0,0,255,255,255,7,"(255, 0, 0)",360.62445840513925
red,#FF0000,white,#FFFFFF,watch,casual,255,0,0,255,255,255,7,"(255, 0, 0)",360.62445840513925
red,#FF0000,white,#FFFFFF,belt,casual,255,0,0,255,255,255,7,"(255, 0, 0)",360.62445840513925
red,#FF0000,white,#FFFFFF,cap,sport,255,0,0,255,255,255,7,"(255, 0, 0)",360.62445840513925
red,#FF0000,white,#FFFFFF,watch,sport,255,0,0,255,255,255,7,"(255, 0, 0)",360.62445840513925
red,#FF0000,white,#FFFFFF,watch,formal,255,0,0,255,255,255,7,"(255, 0, 0)",360.62445840513925
red,#FF0000,white,#FFFFFF,bracelet,sport,255,0,0,255,255,255,7,"(255, 0, 0)",360.62445840513925
red,#FF0000,white,#FFFFFF,bracelet,formal,255,0,0,255,255,255,7,"(255, 0, 0)",360.62445840513925
red,#FF0000,white,#FFFFFF,cap,party,255,0,0,255,255,255,7,"(255, 0, 0)",360.62445840513925
red,#FF0000,white,#FFFFFF,watch,casual,255,0,0,255,255,255,7,"(255, 0, 0)",360.62445840513925
red,#FF0000,white,#FFFFFF,belt,party,255,0,0,255,255,255,7,"(255, 0, 0)",360.62445840513925
red,#FF0000,white,#FFFFFF,sunglass,formal,255,0,0,255,255,255,7,"(255, 0, 0)",360.62445840513925
red,#FF0000,white,#FFFFFF,bracelet,casual,255,0,0,255,255,255,7,"(255, 0, 0)",360.62445840513925
red,#FF0000,white,#FFFFFF,belt,party,255,0,0,255,255,255,7,"(255, 0, 0)",360.62445840513925
red,#FF0000,white,#FFFFFF,watch,sport,255,0,0,255,255,255,7,"(255, 0, 0)",360.62445840513925
red,#FF0000,white,#FFFFFF,cap,casual,255,0,0,255,255,255,7,"(255, 0, 0)",360.62445840513925
red,#FF0000,white,#FFFFFF,sunglass,formal,255,0,0,255,255,255,7,"(255, 0, 0)",360.62445840513925
red,#FF0000,white,#FFFFFF,cap,casual,255,0,0,255,255,255,7,"(255, 0, 0)",360.62445840513925
red,#FF0000,white,#FFFFFF,belt,party,255,0,0,255,255,255,7,"(255, 0, 0)",360.62445840513925
red,#FF0000,white,#FFFFFF,sunglass,casual,255,0,0,255,255,255,7,"(255, 0, 0)",360.62445840513925
red,#FF0000,white,#FFFFFF,cap,casual,255,0,0,255,255,255,7,"(255, 0, 0)",360.62445840513925
red,#FF0000,white,#FFFFFF,cap,party,255,0,0,255,255,255,7,"(255, 0, 0)",360.62445840513925
red,#FF0000,white,#FFFFFF,bracelet,party,255,0,0,255,255,255,7,"(255, 0, 0)",360.62445840513925
red,#FF0000,white,#FFFFFF,bracelet,party,255,0,0,255,255,255,7,"(255, 0, 0)",360.62445840513925
red,#FF0000,white,#FFFFFF,sunglass,formal,255,0,0,255,255,255,7,"(255, 0, 0)",360.62445840513925
red,#FF0000,white,#FFFFFF,sunglass,sport,255,0,0,255,255,255,7,"(255, 0, 0)",360.62445840513925
red,#FF0000,white,#FFFFFF,belt,casual,255,0,0,255,255,255,7,"(255, 0, 0)",360.62445840513925
red,#FF0000,white,#FFFFFF,cap,party,255,0,0,255,255,255,7,"(255, 0, 0)",360.62445840513925
red,#FF0000,beige,#F5F5DC,belt,sport,255,0,0,245,245,220,0,"(255, 0, 0)",360.62445840513925
red,#FF0000,beige,#F5F5DC,sunglass,sport,255,0,0,245,245,220,0,"(255, 0, 0)",360.62445840513925
red,#FF0000,beige,#F5F5DC,belt,formal,255,0,0,245,245,220,0,"(255, 0, 0)",360.62445840513925
red,#FF0000,beige,#F5F5DC,belt,sport,255,0,0,245,245,220,0,"(255, 0, 0)",360.62445840513925
red,#FF0000,beige,#F5F5DC,bracelet,sport,255,0,0,245,245,220,0,"(255, 0, 0)",360.62445840513925
red,#FF0000,beige,#F5F5DC,belt,formal,255,0,0,245,245,220,0,"(255, 0, 0)",360.62445840513925
red,#FF0000,beige,#F5F5DC,watch,sport,255,0,0,245,245,220,0,"(255, 0, 0)",360.62445840513925
red,#FF0000,beige,#F5F5DC,watch,casual,255,0,0,245,245,220,0,"(255, 0, 0)",360.62445840513925
red,#FF0000,beige,#F5F5DC,belt,party,255,0,0,245,245,220,0,"(255, 0, 0)",360.62445840513925
red,#FF0000,beige,#F5F5DC,sunglass,sport,255,0,0,245,245,220,0,"(255, 0, 0)",360.62445840513925
red,#FF0000,beige,#F5F5DC,bracelet,casual,255,0,0,245,245,220,0,"(255, 0, 0)",360.62445840513925
red,#FF0000,beige,#F5F5DC,bracelet,formal,255,0,0,245,245,220,0,"(255, 0, 0)",360.62445840513925
red,#FF0000,beige,#F5F5DC,cap,casual,255,0,0,245,245,220,0,"(255, 0, 0)",360.62445840513925
red,#FF0000,beige,#F5F5DC,cap,sport,255,0,0,245,245,220,0,"(255, 0, 0)",360.62445840513925
red,#FF0000,beige,#F5F5DC,sunglass,formal,255,0,0,245,245,220,0,"(255, 0, 0)",360.62445840513925
red,#FF0000,beige,#F5F5DC,sunglass,formal,255,0,0,245,245,220,0,"(255, 0, 0)",360.62445840513925
red,#FF0000,beige,#F5F5DC,bracelet,party,255,0,0,245,245,220,0,"(255, 0, 0)",360.62445840513925
red,#FF0000,beige,#F5F5DC,bracelet,party,255,0,0,245,245,220,0,"(255, 0, 0)",360.62445840513925
red,#FF0000,beige,#F5F5DC,sunglass,casual,255,0,0,245,245,220,0,"(255, 0, 0)",360.62445840513925
red,#FF0000,beige,#F5F5DC,watch,sport,255,0,0,245,245,220,0,"(255, 0, 0)",360.62445840513925
red,#FF0000,beige,#F5F5DC,sunglass,formal,255,0,0,245,245,220,0,"(255, 0, 0)",360.62445840513925
red,#FF0000,beige,#F5F5DC,bracelet,sport,255,0,0,245,245,220,0,"(255, 0, 0)",360.62445840513925
red,#FF0000,beige,#F5F5DC,bracelet,formal,255,0,0,245,245,220,0,"(255, 0, 0)",360.62445840513925
red,#FF0000,beige,#F5F5DC,bracelet,sport,255,0,0,245,245,220,0,"(255, 0, 0)",360.62445840513925
red,#FF0000,beige,#F5F5DC,sunglass,sport,255,0,0,245,245,220,0,"(255, 0, 0)",360.62445840513925
red,#FF0000,beige,#F5F5DC,bracelet,formal,255,0,0,245,245,220,0,"(255, 0, 0)",360.62445840513925
red,#FF0000,beige,#F5F5DC,belt,casual,255,0,0,245,245,220,0,"(255, 0, 0)",360.62445840513925
red,#FF0000,beige,#F5F5DC,cap,party,255,0,0,245,245,220,0,"(255, 0, 0)",360.62445840513925
red,#FF0000,beige,#F5F5DC,bracelet,sport,255,0,0,245,245,220,0,"(255, 0, 0)",360.62445840513925
red,#FF0000,beige,#F5F5DC,belt,sport,255,0,0,245,245,220,0,"(255, 0, 0)",360.62445840513925
red,#FF0000,beige,#F5F5DC,bracelet,sport,255,0,0,245,245,220,0,"(255, 0, 0)",360.62445840513925
red,#FF0000,beige,#F5F5DC,belt,formal,255,0,0,245,245,220,0,"(255, 0, 0)",360.62445840513925
red,#FF0000,beige,#F5F5DC,watch,party,255,0,0,245,245,220,0,"(255, 0, 0)",360.62445840513925
red,#FF0000,beige,#F5F5DC,watch,sport,255,0,0,245,245,220,0,"(255, 0, 0)",360.62445840513925
red,#FF0000,beige,#F5F5DC,sunglass,formal,255,0,0,245,245,220,0,"(255, 0, 0)",360.62445840513925
red,#FF0000,beige,#F5F5DC,watch,sport,255,0,0,245,245,220,0,"(255, 0, 0)",360.62445840513925
red,#FF0000,beige,#F5F5DC,watch,formal,255,0,0,245,245,220,0,"(255, 0, 0)",360.62445840513925
red,#FF0000,beige,#F5F5DC,watch,formal,255,0,0,245,245,220,0,"(255, 0, 0)",360.62445840513925
red,#FF0000,beige,#F5F5DC,watch,formal,255,0,0,245,245,220,0,"(255, 0, 0)",360.62445840513925
red,#FF0000,beige,#F5F5DC,sunglass,formal,255,0,0,245,245,220,0,"(255, 0, 0)",360.62445840513925
blue,#0000FF,grey,#808080,sunglass,party,0,0,255,128,128,128,5,"(0, 0, 255)",360.62445840513925
blue,#0000FF,grey,#808080,bracelet,sport,0,0,255,128,128,128,5,"(0, 0, 255)",360.62445840513925
blue,#0000FF,grey,#808080,cap,sport,0,0,255,128,128,128,5,"(0, 0, 255)",360.62445840513925
blue,#0000FF,grey,#808080,sunglass,sport,0,0,255,128,128,128,5,"(0, 0, 255)",360.62445840513925
blue,#0000FF,grey,#808080,sunglass,party,0,0,255,128,128,128,5,"(0, 0, 255)",360.62445840513925
blue,#0000FF,grey,#808080,cap,party,0,0,255,128,128,128,5,"(0, 0, 255)",360.62445840513925
blue,#0000FF,grey,#808080,belt,party,0,0,255,128,128,128,5,"(0, 0, 255)",360.62445840513925
blue,#0000FF,grey,#808080,sunglass,casual,0,0,255,128,128,128,5,"(0, 0, 255)",360.62445840513925
blue,#0000FF,grey,#808080,bracelet,casual,0,0,255,128,128,128,5,"(0, 0, 255)",360.62445840513925
blue,#0000FF,grey,#808080,watch,casual,0,0,255,128,128,128,5,"(0, 0, 255)",360.62445840513925
blue,#0000FF,grey,#808080,belt,sport,0,0,255,128,128,128,5,"(0, 0, 255)",360.62445840513925
blue,#0000FF,grey,#808080,belt,sport,0,0,255,128,128,128,5,"(0, 0, 255)",360.62445840513925
blue,#0000FF,grey,#808080,cap,formal,0,0,255,128,128,128,5,"(0, 0, 255)",360.62445840513925
blue,#0000FF,grey,#808080,bracelet,formal,0,0,255,128,128,128,5,"(0, 0, 255)",360.62445840513925
blue,#0000FF,grey,#808080,cap,sport,0,0,255,128,128,128,5,"(0, 0, 255)",360.62445840513925
blue,#0000FF,grey,#808080,belt,casual,0,0,255,128,128,128,5,"(0, 0, 255)",360.62445840513925
blue,#0000FF,grey,#808080,sunglass,sport,0,0,255,128,128,128,5,"(0, 0, 255)",360.62445840513925
blue,#0000FF,grey,#808080,belt,formal,0,0,255,128,128,128,5,"(0, 0, 255)",360.62445840513925
blue,#0000FF,grey,#808080,cap,formal,0,0,255,128,128,128,5,"(0, 0, 255)",360.62445840513925
blue,#0000FF,grey,#808080,bracelet,sport,0,0,255,128,128,128,5,"(0, 0, 255)",360.62445840513925
blue,#0000FF,grey,#808080,bracelet,sport,0,0,255,128,128,128,5,"(0, 0, 255)",360.62445840513925
blue,#0000FF,grey,#808080,watch,casual,0,0,255,128,128,128,5,"(0, 0, 255)",360.62445840513925
blue,#0000FF,grey,#808080,sunglass,sport,0,0,255,128,128,128,5,"(0, 0, 255)",360.62445840513925
blue,#0000FF,grey,#808080,watch,sport,0,0,255,128,128,128,5,"(0, 0, 255)",360.62445840513925
blue,#0000FF,grey,#808080,watch,formal,0,0,255,128,128,128,5,"(0, 0, 255)",360.62445840513925
blue,#0000FF,grey,#808080,bracelet,sport,0,0,255,128,128,128,5,"(0, 0, 255)",360.62445840513925
blue,#0000FF,grey,#808080,cap,sport,0,0,255,128,128,128,5,"(0, 0, 255)",360.62445840513925
blue,#0000FF,grey,#808080,cap,party,0,0,255,128,128,128,5,"(0, 0, 255)",360.62445840513925
blue,#0000FF,grey,#808080,belt,formal,0,0,255,128,128,128,5,"(0, 0, 255)",360.62445840513925
blue,#0000FF,grey,#808080,watch,sport,0,0,255,128,128,128,5,"(0, 0, 255)",360.62445840513925
blue,#0000FF,grey,#808080,watch,party,0,0,255,128,128,128,5,"(0, 0, 255)",360.62445840513925
blue,#0000FF,grey,#808080,belt,formal,0,0,255,128,128,128,5,"(0, 0, 255)",360.62445840513925
blue,#0000FF,grey,#808080,belt,casual,0,0,255,128,128,128,5,"(0, 0, 255)",360.62445840513925
blue,#0000FF,grey,#808080,belt,sport,0,0,255,128,128,128,5,"(0, 0, 255)",360.62445840513925
blue,#0000FF,grey,#808080,cap,casual,0,0,255,128,128,128,5,"(0, 0, 255)",360.62445840513925
blue,#0000FF,grey,#808080,sunglass,casual,0,0,255,128,128,128,5,"(0, 0, 255)",360.62445840513925
blue,#0000FF,grey,#808080,watch,formal,0,0,255,128,128,128,5,"(0, 0, 255)",360.62445840513925
blue,#0000FF,grey,#808080,watch,party,0,0,255,128,128,128,5,"(0, 0, 255)",360.62445840513925
blue,#0000FF,grey,#808080,sunglass,sport,0,0,255,128,128,128,5,"(0, 0, 255)",360.62445840513925
blue,#0000FF,grey,#808080,watch,casual,0,0,255,128,128,128,5,"(0, 0, 255)",360.62445840513925
blue,#0000FF,white,#FFFFFF,bracelet,sport,0,0,255,255,255,255,7,"(0, 0, 255)",360.62445840513925
blue,#0000FF,white,#FFFFFF,sunglass,party,0,0,255,255,255,255,7,"(0, 0, 255)",360.62445840513925
blue,#0000FF,white,#FFFFFF,watch,sport,0,0,255,255,255,255,7,"(0, 0, 255)",360.62445840513925
blue,#0000FF,white,#FFFFFF,sunglass,party,0,0,255,255,255,255,7,"(0, 0, 255)",360.62445840513925
blue,#0000FF,white,#FFFFFF,watch,casual,0,0,255,255,255,255,7,"(0, 0, 255)",360.62445840513925
blue,#0000FF,white,#FFFFFF,cap,party,0,0,255,255,255,255,7,"(0, 0, 255)",360.62445840513925
blue,#0000FF,white,#FFFFFF,sunglass,formal,0,0,255,255,255,255,7,"(0, 0, 255)",360.62445840513925
blue,#0000FF,white,#FFFFFF,watch,casual,0,0,255,255,255,255,7,"(0, 0, 255)",360.62445840513925
blue,#0000FF,white,#FFFFFF,bracelet,formal,0,0,255,255,255,255,7,"(0, 0, 255)",360.62445840513925
blue,#0000FF,white,#FFFFFF,cap,casual,0,0,255,255,255,255,7,"(0, 0, 255)",360.62445840513925
blue,#0000FF,white,#FFFFFF,cap,casual,0,0,255,255,255,255,7,"(0, 0, 255)",360.62445840513925
blue,#0000FF,white,#FFFFFF,watch,party,0,0,255,255,255,255,7,"(0, 0, 255)",360.62445840513925
blue,#0000FF,white,#FFFFFF,belt,party,0,0,255,255,255,255,7,"(0, 0, 255)",360.62445840513925
blue,#0000FF,white,#FFFFFF,belt,formal,0,0,255,255,255,255,7,"(0, 0, 255)",360.62445840513925
blue,#0000FF,white,#FFFFFF,bracelet,sport,0,0,255,255,255,255,7,"(0, 0, 255)",360.62445840513925
blue,#0000FF,white,#FFFFFF,watch,casual,0,0,255,255,255,255,7,"(0, 0, 255)",360.62445840513925
blue,#0000FF,white,#FFFFFF,watch,formal,0,0,255,255,255,255,7,"(0, 0, 255)",360.62445840513925
blue,#0000FF,white,#FFFFFF,watch,casual,0,0,255,255,255,255,7,"(0, 0, 255)",360.62445840513925
blue,#0000FF,white,#FFFFFF,cap,party,0,0,255,255,255,255,7,"(0, 0, 255)",360.62445840513925
blue,#0000FF,white,#FFFFFF,belt,party,0,0,255,255,255,255,7,"(0, 0, 255)",360.62445840513925
blue,#0000FF,white,#FFFFFF,sunglass,casual,0,0,255,255,255,255,7,"(0, 0, 255)",360.62445840513925
blue,#0000FF,white,#FFFFFF,cap,party,0,0,255,255,255,255,7,"(0, 0, 255)",360.62445840513925
blue,#0000FF,white,#FFFFFF,cap,casual,0,0,255,255,255,255,7,"(0, 0, 255)",360.62445840513925
blue,#0000FF,white,#FFFFFF,bracelet,sport,0,0,255,255,255,255,7,"(0, 0, 255)",360.62445840513925
blue,#0000FF,white,#FFFFFF,bracelet,casual,0,0,255,255,255,255,7,"(0, 0, 255)",360.62445840513925
blue,#0000FF,white,#FFFFFF,watch,formal,0,0,255,255,255,255,7,"(0, 0, 255)",360.62445840513925
blue,#0000FF,white,#FFFFFF,sunglass,formal,0,0,255,255,255,255,7,"(0, 0, 255)",360.62445840513925
blue,#0000FF,white,#FFFFFF,watch,casual,0,0,255,255,255,255,7,"(0, 0, 255)",360.62445840513925
blue,#0000FF,white,#FFFFFF,watch,sport,0,0,255,255,255,255,7,"(0, 0, 255)",360.62445840513925
blue,#0000FF,white,#FFFFFF,watch,party,0,0,255,255,255,255,7,"(0, 0, 255)",360.62445840513925
blue,#0000FF,white,#FFFFFF,sunglass,sport,0,0,255,255,255,255,7,"(0, 0, 255)",360.62445840513925
blue,#0000FF,white,#FFFFFF,belt,party,0,0,255,255,255,255,7,"(0, 0, 255)",360.62445840513925
blue,#0000FF,white,#FFFFFF,cap,casual,0,0,255,255,255,255,7,"(0, 0, 255)",360.62445840513925
blue,#0000FF,white,#FFFFFF,bracelet,formal,0,0,255,255,255,255,7,"(0, 0, 255)",360.62445840513925
blue,#0000FF,white,#FFFFFF,bracelet,formal,0,0,255,255,255,255,7,"(0, 0, 255)",360.62445840513925
blue,#0000FF,white,#FFFFFF,belt,party,0,0,255,255,255,255,7,"(0, 0, 255)",360.62445840513925
blue,#0000FF,white,#FFFFFF,bracelet,party,0,0,255,255,255,255,7,"(0, 0, 255)",360.62445840513925
blue,#0000FF,white,#FFFFFF,cap,sport,0,0,255,255,255,255,7,"(0, 0, 255)",360.62445840513925
blue,#0000FF,white,#FFFFFF,cap,sport,0,0,255,255,255,255,7,"(0, 0, 255)",360.62445840513925
blue,#0000FF,white,#FFFFFF,belt,casual,0,0,255,255,255,255,7,"(0, 0, 255)",360.62445840513925
blue,#0000FF,beige,#F5F5DC,bracelet,sport,0,0,255,245,245,220,0,"(0, 0, 255)",360.62445840513925
blue,#0000FF,beige,#F5F5DC,sunglass,party,0,0,255,245,245,220,0,"(0, 0, 255)",360.62445840513925
blue,#0000FF,beige,#F5F5DC,belt,party,0,0,255,245,245,220,0,"(0, 0, 255)",360.62445840513925
blue,#0000FF,beige,#F5F5DC,watch,sport,0,0,255,245,245,220,0,"(0, 0, 255)",360.62445840513925
blue,#0000FF,beige,#F5F5DC,watch,party,0,0,255,245,245,220,0,"(0, 0, 255)",360.62445840513925
blue,#0000FF,beige,#F5F5DC,sunglass,casual,0,0,255,245,245,220,0,"(0, 0, 255)",360.62445840513925
blue,#0000FF,beige,#F5F5DC,belt,sport,0,0,255,245,245,220,0,"(0, 0, 255)",360.62445840513925
blue,#0000FF,beige,#F5F5DC,cap,party,0,0,255,245,245,220,0,"(0, 0, 255)",360.62445840513925
blue,#0000FF,beige,#F5F5DC,bracelet,party,0,0,255,245,245,220,0,"(0, 0, 255)",360.62445840513925
blue,#0000FF,beige,#F5F5DC,cap,casual,0,0,255,245,245,220,0,"(0, 0, 255)",360.62445840513925
blue,#0000FF,beige,#F5F5DC,bracelet,formal,0,0,255,245,245,220,0,"(0, 0, 255)",360.62445840513925
blue,#0000FF,beige,#F5F5DC,watch,party,0,0,255,245,245,220,0,"(0, 0, 255)",360.62445840513925
blue,#0000FF,beige,#F5F5DC,belt,sport,0,0,255,245,245,220,0,"(0, 0, 255)",360.62445840513925
blue,#0000FF,beige,#F5F5DC,watch,formal,0,0,255,245,245,220,0,"(0, 0, 255)",360.62445840513925
blue,#0000FF,beige,#F5F5DC,cap,party,0,0,255,245,245,220,0,"(0, 0, 255)",360.62445840513925
blue,#0000FF,beige,#F5F5DC,watch,sport,0,0,255,245,245,220,0,"(0, 0, 255)",360.62445840513925
blue,#0000FF,beige,#F5F5DC,belt,casual,0,0,255,245,245,220,0,"(0, 0, 255)",360.62445840513925
blue,#0000FF,beige,#F5F5DC,bracelet,party,0,0,255,245,245,220,0,"(0, 0, 255)",360.62445840513925
blue,#0000FF,beige,#F5F5DC,belt,party,0,0,255,245,245,220,0,"(0, 0, 255)",360.62445840513925
blue,#0000FF,beige,#F5F5DC,sunglass,casual,0,0,255,245,245,220,0,"(0, 0, 255)",360.62445840513925
blue,#0000FF,beige,#F5F5DC,watch,formal,0,0,255,245,245,220,0,"(0, 0, 255)",360.62445840513925
blue,#0000FF,beige,#F5F5DC,cap,formal,0,0,255,245,245,220,0,"(0, 0, 255)",360.62445840513925
blue,#0000FF,beige,#F5F5DC,watch,sport,0,0,255,245,245,220,0,"(0, 0, 255)",360.62445840513925
blue,#0000FF,beige,#F5F5DC,watch,casual,0,0,255,245,245,220,0,"(0, 0, 255)",360.62445840513925
blue,#0000FF,beige,#F5F5DC,bracelet,sport,0,0,255,245,245,220,0,"(0, 0, 255)",360.62445840513925
blue,#0000FF,beige,#F5F5DC,bracelet,formal,0,0,255,245,245,220,0,"(0, 0, 255)",360.62445840513925
blue,#0000FF,beige,#F5F5DC,watch,sport,0,0,255,245,245,220,0,"(0, 0, 255)",360.62445840513925
blue,#0000FF,beige,#F5F5DC,bracelet,casual,0,0,255,245,245,220,0,"(0, 0, 255)",360.62445840513925
blue,#0000FF,beige,#F5F5DC,cap,sport,0,0,255,245,245,220,0,"(0, 0, 255)",360.62445840513925
blue,#0000FF,beige,#F5F5DC,belt,party,0,0,255,245,245,220,0,"(0, 0, 255)",360.62445840513925
blue,#0000FF,beige,#F5F5DC,watch,party,0,0,255,245,245,220,0,"(0, 0, 255)",360.62445840513925
blue,#0000FF,beige,#F5F5DC,cap,sport,0,0,255,245,245,220,0,"(0, 0, 255)",360.62445840513925
blue,#0000FF,beige,#F5F5DC,bracelet,casual,0,0,255,245,245,220,0,"(0, 0, 255)",360.62445840513925
blue,#0000FF,beige,#F5F5DC,belt,casual,0,0,255,245,245,220,0,"(0, 0, 255)",360.62445840513925
blue,#0000FF,beige,#F5F5DC,cap,party,0,0,255,245,245,220,0,"(0, 0, 255)",360.62445840513925
blue,#0000FF,beige,#F5F5DC,bracelet,formal,0,0,255,245,245,220,0,"(0, 0, 255)",360.62445840513925
blue,#0000FF,beige,#F5F5DC,cap,casual,0,0,255,245,245,220,0,"(0, 0, 255)",360.62445840513925
blue,#0000FF,beige,#F5F5DC,sunglass,party,0,0,255,245,245,220,0,"(0, 0, 255)",360.62445840513925
blue,#0000FF,beige,#F5F5DC,cap,formal,0,0,255,245,245,220,0,"(0, 0, 255)",360.62445840513925
blue,#0000FF,beige,#F5F5DC,bracelet,party,0,0,255,245,245,220,0,"(0, 0, 255)",360.62445840513925
black,#000000,white,#FFFFFF,belt,casual,0,0,0,255,255,255,7,"(0, 0, 0)",441.6729559300637
black,#000000,white,#FFFFFF,watch,sport,0,0,0,255,255,255,7,"(0, 0, 0)",441.6729559300637
black,#000000,white,#FFFFFF,bracelet,sport,0,0,0,255,255,255,7,"(0, 0, 0)",441.6729559300637
black,#000000,white,#FFFFFF,bracelet,party,0,0,0,255,255,255,7,"(0, 0, 0)",441.6729559300637
black,#000000,white,#FFFFFF,watch,party,0,0,0,255,255,255,7,"(0, 0, 0)",441.6729559300637
black,#000000,white,#FFFFFF,belt,sport,0,0,0,255,255,255,7,"(0, 0, 0)",441.6729559300637
black,#000000,white,#FFFFFF,bracelet,sport,0,0,0,255,255,255,7,"(0, 0, 0)",441.6729559300637
black,#000000,white,#FFFFFF,bracelet,party,0,0,0,255,255,255,7,"(0, 0, 0)",441.6729559300637
black,#000000,white,#FFFFFF,sunglass,casual,0,0,0,255,255,255,7,"(0, 0, 0)",441.6729559300637
black,#000000,white,#FFFFFF,watch,casual,0,0,0,255,255,255,7,"(0, 0, 0)",441.6729559300637
black,#000000,white,#FFFFFF,sunglass,sport,0,0,0,255,255,255,7,"(0, 0, 0)",441.6729559300637
black,#000000,white,#FFFFFF,belt,casual,0,0,0,255,255,255,7,"(0, 0, 0)",441.6729559300637
black,#000000,white,#FFFFFF,belt,formal,0,0,0,255,255,255,7,"(0, 0, 0)",441.6729559300637
black,#000000,white,#FFFFFF,cap,formal,0,0,0,255,255,255,7,"(0, 0, 0)",441.6729559300637
black,#000000,white,#FFFFFF,cap,party,0,0,0,255,255,255,7,"(0, 0, 0)",441.6729559300637
black,#000000,white,#FFFFFF,cap,sport,0,0,0,255,255,255,7,"(0, 0, 0)",441.6729559300637
black,#000000,white,#FFFFFF,cap,party,0,0,0,255,255,255,7,"(0, 0, 0)",441.6729559300637
black,#000000,white,#FFFFFF,sunglass,formal,0,0,0,255,255,255,7,"(0, 0, 0)",441.6729559300637
black,#000000,white,#FFFFFF,sunglass,sport,0,0,0,255,255,255,7,"(0, 0, 0)",441.6729559300637
black,#000000,white,#FFFFFF,sunglass,formal,0,0,0,255,255,255,7,"(0, 0, 0)",441.6729559300637
black,#000000,white,#FFFFFF,watch,sport,0,0,0,255,255,255,7,"(0, 0, 0)",441.6729559300637
black,#000000,white,#FFFFFF,sunglass,party,0,0,0,255,255,255,7,"(0, 0, 0)",441.6729559300637
black,#000000,white,#FFFFFF,bracelet,party,0,0,0,255,255,255,7,"(0, 0, 0)",441.6729559300637
black,#000000,white,#FFFFFF,sunglass,formal,0,0,0,255,255,255,7,"(0, 0, 0)",441.6729559300637
black,#000000,white,#FFFFFF,watch,casual,0,0,0,255,255,255,7,"(0, 0, 0)",441.6729559300637
black,#000000,white,#FFFFFF,bracelet,party,0,0,0,255,255,255,7,"(0, 0, 0)",441.6729559300637
black,#000000,white,#FFFFFF,cap,formal,0,0,0,255,255,255,7,"(0, 0, 0)",441.6729559300637
black,#000000,white,#FFFFFF,watch,formal,0,0,0,255,255,255,7,"(0, 0, 0)",441.6729559300637
black,#000000,white,#FFFFFF,sunglass,casual,0,0,0,255,255,255,7,"(0, 0, 0)",441.6729559300637
black,#000000,white,#FFFFFF,watch,sport,0,0,0,255,255,255,7,"(0, 0, 0)",441.6729559300637
black,#000000,white,#FFFFFF,sunglass,formal,0,0,0,255,255,255,7,"(0, 0, 0)",441.6729559300637
black,#000000,white,#FFFFFF,sunglass,casual,0,0,0,255,255,255,7,"(0, 0, 0)",441.6729559300637
black,#000000,white,#FFFFFF,sunglass,party,0,0,0,255,255,255,7,"(0, 0, 0)",441.6729559300637
black,#000000,white,#FFFFFF,sunglass,party,0,0,0,255,255,255,7,"(0, 0, 0)",441.6729559300637
black,#000000,white,#FFFFFF,watch,sport,0,0,0,255,255,255,7,"(0, 0, 0)",441.6729559300637
black,#000000,white,#FFFFFF,cap,casual,0,0,0,255,255,255,7,"(0, 0, 0)",441.6729559300637
black,#000000,white,#FFFFFF,cap,casual,0,0,0,255,255,255,7,"(0, 0, 0)",441.6729559300637
black,#000000,white,#FFFFFF,bracelet,party,0,0,0,255,255,255,7,"(0, 0, 0)",441.6729559300637
black,#000000,white,#FFFFFF,bracelet,party,0,0,0,255,255,255,7,"(0, 0, 0)",441.6729559300637
black,#000000,white,#FFFFFF,watch,party,0,0,0,255,255,255,7,"(0, 0, 0)",441.6729559300637
black,#000000,cream,#FFFDD0,cap,casual,0,0,0,255,253,208,4,"(0, 0, 0)",441.6729559300637
black,#000000,cream,#FFFDD0,sunglass,party,0,0,0,255,253,208,4,"(0, 0, 0)",441.6729559300637
black,#000000,cream,#FFFDD0,watch,sport,0,0,0,255,253,208,4,"(0, 0, 0)",441.6729559300637
black,#000000,cream,#FFFDD0,watch,party,0,0,0,255,253,208,4,"(0, 0, 0)",441.6729559300637
black,#000000,cream,#FFFDD0,watch,party,0,0,0,255,253,208,4,"(0, 0, 0)",441.6729559300637
black,#000000,cream,#FFFDD0,sunglass,formal,0,0,0,255,253,208,4,"(0, 0, 0)",441.6729559300637
black,#000000,cream,#FFFDD0,sunglass,sport,0,0,0,255,253,208,4,"(0, 0, 0)",441.6729559300637
black,#000000,cream,#FFFDD0,bracelet,casual,0,0,0,255,253,208,4,"(0, 0, 0)",441.6729559300637
black,#000000,cream,#FFFDD0,sunglass,formal,0,0,0,255,253,208,4,"(0, 0, 0)",441.6729559300637
black,#000000,cream,#FFFDD0,belt,sport,0,0,0,255,253,208,4,"(0, 0, 0)",441.6729559300637
black,#000000,cream,#FFFDD0,watch,formal,0,0,0,255,253,208,4,"(0, 0, 0)",441.6729559300637
black,#000000,cream,#FFFDD0,bracelet,sport,0,0,0,255,253,208,4,"(0, 0, 0)",441.6729559300637
black,#000000,cream,#FFFDD0,cap,casual,0,0,0,255,253,208,4,"(0, 0, 0)",441.6729559300637
black,#000000,cream,#FFFDD0,belt,sport,0,0,0,255,253,208,4,"(0, 0, 0)",441.6729559300637
black,#000000,cream,#FFFDD0,sunglass,casual,0,0,0,255,253,208,4,"(0, 0, 0)",441.6729559300637
black,#000000,cream,#FFFDD0,watch,sport,0,0,0,255,253,208,4,"(0, 0, 0)",441.6729559300637
black,#000000,cream,#FFFDD0,watch,sport,0,0,0,255,253,208,4,"(0, 0, 0)",441.6729559300637
black,#000000,cream,#FFFDD0,cap,formal,0,0,0,255,253,208,4,"(0, 0, 0)",441.6729559300637
black,#000000,cream,#FFFDD0,cap,sport,0,0,0,255,253,208,4,"(0, 0, 0)",441.6729559300637
black,#000000,cream,#FFFDD0,cap,party,0,0,0,255,253,208,4,"(0, 0, 0)",441.6729559300637
black,#000000,cream,#FFFDD0,belt,formal,0,0,0,255,253,208,4,"(0, 0, 0)",441.6729559300637
black,#000000,cream,#FFFDD0,watch,sport,0,0,0,255,253,208,4,"(0, 0, 0)",441.6729559300637
black,#000000,cream,#FFFDD0,sunglass,formal,0,0,0,255,253,208,4,"(0, 0, 0)",441.6729559300637
black,#000000,cream,#FFFDD0,watch,sport,0,0,0,255,253,208,4,"(0, 0, 0)",441.6729559300637
black,#000000,cream,#FFFDD0,cap,sport,0,0,0,255,253,208,4,"(0, 0, 0)",441.6729559300637
black,#000000,cream,#FFFDD0,cap,casual,0,0,0,255,253,208,4,"(0, 0, 0)",441.6729559300637
black,#000000,cream,#FFFDD0,watch,sport,0,0,0,255,253,208,4,"(0, 0, 0)",441.6729559300637
black,#000000,cream,#FFFDD0,cap,casual,0,0,0,255,253,208,4,"(0, 0, 0)",441.6729559300637
black,#000000,cream,#FFFDD0,sunglass,party,0,0,0,255,253,208,4,"(0, 0, 0)",441.6729559300637
black,#000000,cream,#FFFDD0,cap,party,0,0,0,255,253,208,4,"(0, 0, 0)",441.6729559300637
black,#000000,cream,#FFFDD0,watch,formal,0,0,0,255,253,208,4,"(0, 0, 0)",441.6729559300637
black,#000000,cream,#FFFDD0,watch,sport,0,0,0,255,253,208,4,"(0, 0, 0)",441.6729559300637
black,#000000,cream,#FFFDD0,sunglass,formal,0,0,0,255,253,208,4,"(0, 0, 0)",441.6729559300637
black,#000000,cream,#FFFDD0,bracelet,casual,0,0,0,255,253,208,4,"(0, 0, 0)",441.6729559300637
black,#000000,cream,#FFFDD0,watch,sport,0,0,0,255,253,208,4,"(0, 0, 0)",441.6729559300637
black,#000000,cream,#FFFDD0,sunglass,party,0,0,0,255,253,208,4,"(0, 0, 0)",441.6729559300637
black,#000000,cream,#FFFDD0,sunglass,formal,0,0,0,255,253,208,4,"(0, 0, 0)",441.6729559300637
black,#000000,cream,#FFFDD0,sunglass,formal,0,0,0,255,253,208,4,"(0, 0, 0)",441.6729559300637
black,#000000,cream,#FFFDD0,cap,sport,0,0,0,255,253,208,4,"(0, 0, 0)",441.6729559300637
black,#000000,cream,#FFFDD0,cap,sport,0,0,0,255,253,208,4,"(0, 0, 0)",441.6729559300637
black,#000000,grey,#808080,bracelet,casual,0,0,0,128,128,128,5,"(0, 0, 0)",441.6729559300637
black,#000000,grey,#808080,bracelet,party,0,0,0,128,128,128,5,"(0, 0, 0)",441.6729559300637
black,#000000,grey,#808080,cap,party,0,0,0,128,128,128,5,"(0, 0, 0)",441.6729559300637
black,#000000,grey,#808080,belt,casual,0,0,0,128,128,128,5,"(0, 0, 0)",441.6729559300637
black,#000000,grey,#808080,sunglass,casual,0,0,0,128,128,128,5,"(0, 0, 0)",441.6729559300637
black,#000000,grey,#808080,cap,party,0,0,0,128,128,128,5,"(0, 0, 0)",441.6729559300637
black,#000000,grey,#808080,cap,party,0,0,0,128,128,128,5,"(0, 0, 0)",441.6729559300637
black,#000000,grey,#808080,belt,party,0,0,0,128,128,128,5,"(0, 0, 0)",441.6729559300637
black,#000000,grey,#808080,cap,sport,0,0,0,128,128,128,5,"(0, 0, 0)",441.6729559300637
black,#000000,grey,#808080,cap,casual,0,0,0,128,128,128,5,"(0, 0, 0)",441.6729559300637
black,#000000,grey,#808080,cap,party,0,0,0,128,128,128,5,"(0, 0, 0)",441.6729559300637
black,#000000,grey,#808080,sunglass,casual,0,0,0,128,128,128,5,"(0, 0, 0)",441.6729559300637
black,#000000,grey,#808080,belt,formal,0,0,0,128,128,128,5,"(0, 0, 0)",441.6729559300637
black,#000000,grey,#808080,belt,casual,0,0,0,128,128,128,5,"(0, 0, 0)",441.6729559300637
black,#000000,grey,#808080,watch,casual,0,0,0,128,128,128,5,"(0, 0, 0)",441.6729559300637
black,#000000,grey,#808080,sunglass,casual,0,0,0,128,128,128,5,"(0, 0, 0)",441.6729559300637
black,#000000,grey,#808080,bracelet,party,0,0,0,128,128,128,5,"(0, 0, 0)",441.6729559300637
black,#000000,grey,#808080,belt,casual,0,0,0,128,128,128,5,"(0, 0, 0)",441.6729559300637
black,#000000,grey,#808080,cap,party,0,0,0,128,128,128,5,"(0, 0, 0)",441.6729559300637
black,#000000,grey,#808080,bracelet,casual,0,0,0,128,128,128,5,"(0, 0, 0)",441.6729559300637
black,#000000,grey,#808080,cap,casual,0,0,0,128,128,128,5,"(0, 0, 0)",441.6729559300637
black,#000000,grey,#808080,watch,party,0,0,0,128,128,128,5,"(0, 0, 0)",441.6729559300637
black,#000000,grey,#808080,cap,formal,0,0,0,128,128,128,5,"(0, 0, 0)",441.6729559300637
black,#000000,grey,#808080,watch,casual,0,0,0,128,128,128,5,"(0, 0, 0)",441.6729559300637
black,#000000,grey,#808080,bracelet,formal,0,0,0,128,128,128,5,"(0, 0, 0)",441.6729559300637
black,#000000,grey,#808080,bracelet,party,0,0,0,128,128,128,5,"(0, 0, 0)",441.6729559300637
black,#000000,grey,#808080,belt,casual,0,0,0,128,128,128,5,"(0, 0, 0)",441.6729559300637
black,#000000,grey,#808080,watch,party,0,0,0,128,128,128,5,"(0, 0, 0)",441.6729559300637
black,#000000,grey,#808080,bracelet,party,0,0,0,128,128,128,5,"(0, 0, 0)",441.6729559300637
black,#000000,grey,#808080,watch,casual,0,0,0,128,128,128,5,"(0, 0, 0)",441.6729559300637
black,#000000,grey,#808080,cap,party,0,0,0,128,128,128,5,"(0, 0, 0)",441.6729559300637
black,#000000,grey,#808080,sunglass,party,0,0,0,128,128,128,5,"(0, 0, 0)",441.6729559300637
black,#000000,grey,#808080,watch,sport,0,0,0,128,128,128,5,"(0, 0, 0)",441.6729559300637
black,#000000,grey,#808080,sunglass,formal,0,0,0,128,128,128,5,"(0, 0, 0)",441.6729559300637
black,#000000,grey,#808080,cap,casual,0,0,0,128,128,128,5,"(0, 0, 0)",441.6729559300637
black,#000000,grey,#808080,belt,formal,0,0,0,128,128,128,5,"(0, 0, 0)",441.6729559300637
black,#000000,grey,#808080,sunglass,party,0,0,0,128,128,128,5,"(0, 0, 0)",441.6729559300637
black,#000000,grey,#808080,sunglass,casual,0,0,0,128,128,128,5,"(0, 0, 0)",441.6729559300637
black,#000000,grey,#808080,watch,casual,0,0,0,128,128,128,5,"(0, 0, 0)",441.6729559300637
black,#000000,grey,#808080,bracelet,casual,0,0,0,128,128,128,5,"(0, 0, 0)",441.6729559300637
white,#FFFFFF,black,#000000,cap,party,255,255,255,0,0,0,1,"(255, 255, 255)",0.0
white,#FFFFFF,black,#000000,bracelet,formal,255,255,255,0,0,0,1,"(255, 255, 255)",0.0
white,#FFFFFF,black,#000000,cap,sport,255,255,255,0,0,0,1,"(255, 255, 255)",0.0
white,#FFFFFF,black,#000000,belt,casual,255,255,255,0,0,0,1,"(255, 255, 255)",0.0
white,#FFFFFF,black,#000000,bracelet,formal,255,255,255,0,0,0,1,"(255, 255, 255)",0.0
white,#FFFFFF,black,#000000,sunglass,casual,255,255,255,0,0,0,1,"(255, 255, 255)",0.0
white,#FFFFFF,black,#000000,watch,casual,255,255,255,0,0,0,1,"(255, 255, 255)",0.0
white,#FFFFFF,black,#000000,belt,sport,255,255,255,0,0,0,1,"(255, 255, 255)",0.0
white,#FFFFFF,black,#000000,sunglass,sport,255,255,255,0,0,0,1,"(255, 255, 255)",0.0
white,#FFFFFF,black,#000000,belt,sport,255,255,255,0,0,0,1,"(255, 255, 255)",0.0
white,#FFFFFF,black,#000000,cap,formal,255,255,255,0,0,0,1,"(255, 255, 255)",0.0
white,#FFFFFF,black,#000000,sunglass,casual,255,255,255,0,0,0,1,"(255, 255, 255)",0.0
white,#FFFFFF,black,#000000,watch,sport,255,255,255,0,0,0,1,"(255, 255, 255)",0.0
white,#FFFFFF,black,#000000,belt,sport,255,255,255,0,0,0,1,"(255, 255, 255)",0.0
white,#FFFFFF,black,#000000,sunglass,formal,255,255,255,0,0,0,1,"(255, 255, 255)",0.0
white,#FFFFFF,black,#000000,watch,casual,255,255,255,0,0,0,1,"(255, 255, 255)",0.0
white,#FFFFFF,black,#000000,belt,formal,255,255,255,0,0,0,1,"(255, 255, 255)",0.0
white,#FFFFFF,black,#000000,sunglass,sport,255,255,255,0,0,0,1,"(255, 255, 255)",0.0
white,#FFFFFF,black,#000000,watch,casual,255,255,255,0,0,0,1,"(255, 255, 255)",0.0
white,#FFFFFF,black,#000000,cap,party,255,255,255,0,0,0,1,"(255, 255, 255)",0.0
white,#FFFFFF,black,#000000,belt,sport,255,255,255,0,0,0,1,"(255, 255, 255)",0.0
white,#FFFFFF,black,#000000,bracelet,casual,255,255,255,0,0,0,1,"(255, 255, 255)",0.0
white,#FFFFFF,black,#000000,belt,formal,255,255,255,0,0,0,1,"(255, 255, 255)",0.0
white,#FFFFFF,black,#000000,watch,party,255,255,255,0,0,0,1,"(255, 255, 255)",0.0
white,#FFFFFF,black,#000000,belt,sport,255,255,255,0,0,0,1,"(255, 255, 255)",0.0
white,#FFFFFF,black,#000000,watch,casual,255,255,255,0,0,0,1,"(255, 255, 255)",0.0
white,#FFFFFF,black,#000000,cap,sport,255,255,255,0,0,0,1,"(255, 255, 255)",0.0
white,#FFFFFF,black,#000000,sunglass,sport,255,255,255,0,0,0,1,"(255, 255, 255)",0.0
white,#FFFFFF,black,#000000,bracelet,party,255,255,255,0,0,0,1,"(255, 255, 255)",0.0
white,#FFFFFF,black,#000000,sunglass,formal,255,255,255,0,0,0,1,"(255, 255, 255)",0.0
white,#FFFFFF,black,#000000,sunglass,casual,255,255,255,0,0,0,1,"(255, 255, 255)",0.0
white,#FFFFFF,black,#000000,bracelet,sport,255,255,255,0,0,0,1,"(255, 255, 255)",0.0
white,#FFFFFF,black,#000000,cap,party,255,255,255,0,0,0,1,"(255, 255, 255)",0.0
white,#FFFFFF,black,#000000,cap,casual,255,255,255,0,0,0,1,"(255, 255, 255)",0.0
white,#FFFFFF,black,#000000,belt,party,255,255,255,0,0,0,1,"(255, 255, 255)",0.0
white,#FFFFFF,black,#000000,bracelet,formal,255,255,255,0,0,0,1,"(255, 255, 255)",0.0
white,#FFFFFF,black,#000000,watch,party,255,255,255,0,0,0,1,"(255, 255, 255)",0.0
white,#FFFFFF,black,#000000,bracelet,party,255,255,255,0,0,0,1,"(255, 255, 255)",0.0
white,#FFFFFF,black,#000000,belt,formal,255,255,255,0,0,0,1,"(255, 255, 255)",0.0
white,#FFFFFF,black,#000000,sunglass,party,255,255,255,0,0,0,1,"(255, 255, 255)",0.0
white,#FFFFFF,blue,#0000FF,watch,sport,255,255,255,0,0,255,2,"(255, 255, 255)",0.0
white,#FFFFFF,blue,#0000FF,watch,casual,255,255,255,0,0,255,2,"(255, 255, 255)",0.0
white,#FFFFFF,blue,#0000FF,belt,formal,255,255,255,0,0,255,2,"(255, 255, 255)",0.0
white,#FFFFFF,blue,#0000FF,cap,party,255,255,255,0,0,255,2,"(255, 255, 255)",0.0
white,#FFFFFF,blue,#0000FF,belt,formal,255,255,255,0,0,255,2,"(255, 255, 255)",0.0
white,#FFFFFF,blue,#0000FF,belt,party,255,255,255,0,0,255,2,"(255, 255, 255)",0.0
white,#FFFFFF,blue,#0000FF,bracelet,party,255,255,255,0,0,255,2,"(255, 255, 255)",0.0
white,#FFFFFF,blue,#0000FF,belt,party,255,255,255,0,0,255,2,"(255, 255, 255)",0.0
white,#FFFFFF,blue,#0000FF,sunglass,party,255,255,255,0,0,255,2,"(255, 255, 255)",0.0
white,#FFFFFF,blue,#0000FF,belt,party,255,255,255,0,0,255,2,"(255, 255, 255)",0.0
white,#FFFFFF,blue,#0000FF,cap,sport,255,255,255,0,0,255,2,"(255, 255, 255)",0.0
white,#FFFFFF,blue,#0000FF,watch,formal,255,255,255,0,0,255,2,"(255, 255, 255)",0.0
white,#FFFFFF,blue,#0000FF,watch,party,255,255,255,0,0,255,2,"(255, 255, 255)",0.0
white,#FFFFFF,blue,#0000FF,belt,casual,255,255,255,0,0,255,2,"(255, 255, 255)",0.0
white,#FFFFFF,blue,#0000FF,watch,sport,255,255,255,0,0,255,2,"(255, 255, 255)",0.0
white,#FFFFFF,blue,#0000FF,watch,casual,255,255,255,0,0,255,2,"(255, 255, 255)",0.0
white,#FFFFFF,blue,#0000FF,belt,casual,255,255,255,0,0,255,2,"(255, 255, 255)",0.0
white,#FFFFFF,blue,#0000FF,belt,formal,255,255,255,0,0,255,2,"(255, 255, 255)",0.0
white,#FFFFFF,blue,#0000FF,watch,casual,255,255,255,0,0,255,2,"(255, 255, 255)",0.0
white,#FFFFFF,blue,#0000FF,cap,party,255,255,255,0,0,255,2,"(255, 255, 255)",0.0
white,#FFFFFF,blue,#0000FF,cap,casual,255,255,255,0,0,255,2,"(255, 255, 255)",0.0
white,#FFFFFF,blue,#0000FF,belt,casual,255,255,255,0,0,255,2,"(255, 255, 255)",0.0
white,#FFFFFF,blue,#0000FF,cap,sport,255,255,255,0,0,255,2,"(255, 255, 255)",0.0
white,#FFFFFF,blue,#0000FF,watch,casual,255,255,255,0,0,255,2,"(255, 255, 255)",0.0
white,#FFFFFF,blue,#0000FF,cap,casual,255,255,255,0,0,255,2,"(255, 255, 255)",0.0
white,#FFFFFF,blue,#0000FF,cap,sport,255,255,255,0,0,255,2,"(255, 255, 255)",0.0
white,#FFFFFF,blue,#0000FF,belt,casual,255,255,255,0,0,255,2,"(255, 255, 255)",0.0
white,#FFFFFF,blue,#0000FF,cap,casual,255,255,255,0,0,255,2,"(255, 255, 255)",0.0
white,#FFFFFF,blue,#0000FF,bracelet,formal,255,255,255,0,0,255,2,"(255, 255, 255)",0.0
white,#FFFFFF,blue,#0000FF,watch,casual,255,255,255,0,0,255,2,"(255, 255, 255)",0.0
white,#FFFFFF,blue,#0000FF,watch,casual,255,255,255,0,0,255,2,"(255, 255, 255)",0.0
white,#FFFFFF,blue,#0000FF,cap,sport,255,255,255,0,0,255,2,"(255, 255, 255)",0.0
white,#FFFFFF,blue,#0000FF,belt,sport,255,255,255,0,0,255,2,"(255, 255, 255)",0.0
white,#FFFFFF,blue,#0000FF,sunglass,formal,255,255,255,0,0,255,2,"(255, 255, 255)",0.0
white,#FFFFFF,blue,#0000FF,sunglass,sport,255,255,255,0,0,255,2,"(255, 255, 255)",0.0
white,#FFFFFF,blue,#0000FF,watch,formal,255,255,255,0,0,255,2,"(255, 255, 255)",0.0
white,#FFFFFF,blue,#0000FF,watch,casual,255,255,255,0,0,255,2,"(255, 255, 255)",0.0
white,#FFFFFF,blue,#0000FF,watch,formal,255,255,255,0,0,255,2,"(255, 255, 255)",0.0
white,#FFFFFF,blue,#0000FF,belt,party,255,255,255,0,0,255,2,"(255, 255, 255)",0.0
white,#FFFFFF,blue,#0000FF,watch,sport,255,255,255,0,0,255,2,"(255, 255, 255)",0.0
white,#FFFFFF,brown,#A52A2A,sunglass,formal,255,255,255,165,42,42,3,"(255, 255, 255)",0.0
white,#FFFFFF,brown,#A52A2A,bracelet,sport,255,255,255,165,42,42,3,"(255, 255, 255)",0.0
white,#FFFFFF,brown,#A52A2A,belt,formal,255,255,255,165,42,42,3,"(255, 255, 255)",0.0
white,#FFFFFF,brown,#A52A2A,cap,sport,255,255,255,165,42,42,3,"(255, 255, 255)",0.0
white,#FFFFFF,brown,#A52A2A,cap,party,255,255,255,165,42,42,3,"(255, 255, 255)",0.0
white,#FFFFFF,brown,#A52A2A,sunglass,formal,255,255,255,165,42,42,3,"(255, 255, 255)",0.0
white,#FFFFFF,brown,#A52A2A,watch,casual,255,255,255,165,42,42,3,"(255, 255, 255)",0.0
white,#FFFFFF,brown,#A52A2A,belt,formal,255,255,255,165,42,42,3,"(255, 255, 255)",0.0
white,#FFFFFF,brown,#A52A2A,cap,formal,255,255,255,165,42,42,3,"(255, 255, 255)",0.0
white,#FFFFFF,brown,#A52A2A,watch,sport,255,255,255,165,42,42,3,"(255, 255, 255)",0.0
white,#FFFFFF,brown,#A52A2A,cap,party,255,255,255,165,42,42,3,"(255, 255, 255)",0.0
white,#FFFFFF,brown,#A52A2A,sunglass,casual,255,255,255,165,42,42,3,"(255, 255, 255)",0.0
white,#FFFFFF,brown,#A52A2A,watch,formal,255,255,255,165,42,42,3,"(255, 255, 255)",0.0
white,#FFFFFF,brown,#A52A2A,watch,formal,255,255,255,165,42,42,3,"(255, 255, 255)",0.0
white,#FFFFFF,brown,#A52A2A,watch,sport,255,255,255,165,42,42,3,"(255, 255, 255)",0.0
white,#FFFFFF,brown,#A52A2A,belt,casual,255,255,255,165,42,42,3,"(255, 255, 255)",0.0
white,#FFFFFF,brown,#A52A2A,sunglass,sport,255,255,255,165,42,42,3,"(255, 255, 255)",0.0
white,#FFFFFF,brown,#A52A2A,sunglass,formal,255,255,255,165,42,42,3,"(255, 255, 255)",0.0
white,#FFFFFF,brown,#A52A2A,cap,formal,255,255,255,165,42,42,3,"(255, 255, 255)",0.0
white,#FFFFFF,brown,#A52A2A,bracelet,formal,255,255,255,165,42,42,3,"(255, 255, 255)",0.0
white,#FFFFFF,brown,#A52A2A,cap,party,255,255,255,165,42,42,3,"(255, 255, 255)",0.0
white,#FFFFFF,brown,#A52A2A,watch,sport,255,255,255,165,42,42,3,"(255, 255, 255)",0.0
white,#FFFFFF,brown,#A52A2A,sunglass,party,255,255,255,165,42,42,3,"(255, 255, 255)",0.0
white,#FFFFFF,brown,#A52A2A,watch,party,255,255,255,165,42,42,3,"(255, 255, 255)",0.0
white,#FFFFFF,brown,#A52A2A,sunglass,sport,255,255,255,165,42,42,3,"(255, 255, 255)",0.0
white,#FFFFFF,brown,#A52A2A,belt,casual,255,255,255,165,42,42,3,"(255, 255, 255)",0.0
white,#FFFFFF,brown,#A52A2A,cap,formal,255,255,255,165,42,42,3,"(255, 255, 255)",0.0
white,#FFFFFF,brown,#A52A2A,cap,formal,255,255,255,165,42,42,3,"(255, 255, 255)",0.0
white,#FFFFFF,brown,#A52A2A,belt,casual,255,255,255,165,42,42,3,"(255, 255, 255)",0.0
white,#FFFFFF,brown,#A52A2A,sunglass,party,255,255,255,165,42,42,3,"(255, 255, 255)",0.0
white,#FFFFFF,brown,#A52A2A,watch,party,255,255,255,165,42,42,3,"(255, 255, 255)",0.0
white,#FFFFFF,brown,#A52A2A,belt,formal,255,255,255,165,42,42,3,"(255, 255, 255)",0.0
white,#FFFFFF,brown,#A52A2A,watch,casual,255,255,255,165,42,42,3,"(255, 255, 255)",0.0
white,#FFFFFF,brown,#A52A2A,belt,sport,255,255,255,165,42,42,3,"(255, 255, 255)",0.0
white,#FFFFFF,brown,#A52A2A,belt,sport,255,255,255,165,42,42,3,"(255, 255, 255)",0.0
white,#FFFFFF,brown,#A52A2A,watch,sport,255,255,255,165,42,42,3,"(255, 255, 255)",0.0
white,#FFFFFF,brown,#A52A2A,cap,sport,255,255,255,165,42,42,3,"(255, 255, 255)",0.0
white,#FFFFFF,brown,#A52A2A,cap,party,255,255,255,165,42,42,3,"(255, 255, 255)",0.0
white,#FFFFFF,brown,#A52A2A,watch,party,255,255,255,165,42,42,3,"(255, 255, 255)",0.0
white,#FFFFFF,brown,#A52A2A,cap,casual,255,255,255,165,42,42,3,"(255, 255, 255)",0.0
grey,#808080,black,#000000,belt,sport,128,128,128,0,0,0,1,"(128, 128, 128)",219.9704525612474
grey,#808080,black,#000000,cap,casual,128,128,128,0,0,0,1,"(128, 128, 128)",219.9704525612474
grey,#808080,black,#000000,watch,party,128,128,128,0,0,0,1,"(128, 128, 128)",219.9704525612474
grey,#808080,black,#000000,belt,formal,128,128,128,0,0,0,1,"(128, 128, 128)",219.9704525612474
grey,#808080,black,#000000,belt,sport,128,128,128,0,0,0,1,"(128, 128, 128)",219.9704525612474
grey,#808080,black,#000000,cap,party,128,128,128,0,0,0,1,"(128, 128, 128)",219.9704525612474
grey,#808080,black,#000000,belt,party,128,128,128,0,0,0,1,"(128, 128, 128)",219.9704525612474
grey,#808080,black,#000000,sunglass,party,128,128,128,0,0,0,1,"(128, 128, 128)",219.9704525612474
grey,#808080,black,#000000,bracelet,formal,128,128,128,0,0,0,1,"(128, 128, 128)",219.9704525612474
grey,#808080,black,#000000,belt,formal,128,128,128,0,0,0,1,"(128, 128, 128)",219.9704525612474
grey,#808080,black,#000000,belt,formal,128,128,128,0,0,0,1,"(128, 128, 128)",219.9704525612474
grey,#808080,black,#000000,sunglass,casual,128,128,128,0,0,0,1,"(128, 128, 128)",219.9704525612474
grey,#808080,black,#000000,watch,party,128,128,128,0,0,0,1,"(128, 128, 128)",219.9704525612474
grey,#808080,black,#000000,watch,party,128,128,128,0,0,0,1,"(128, 128, 128)",219.9704525612474
grey,#808080,black,#000000,belt,casual,128,128,128,0,0,0,1,"(128, 128, 128)",219.9704525612474
grey,#808080,black,#000000,watch,sport,128,128,128,0,0,0,1,"(128, 128, 128)",219.9704525612474
grey,#808080,black,#000000,belt,sport,128,128,128,0,0,0,1,"(128, 128, 128)",219.9704525612474
grey,#808080,black,#000000,watch,formal,128,128,128,0,0,0,1,"(128, 128, 128)",219.9704525612474
grey,#808080,black,#000000,belt,casual,128,128,128,0,0,0,1,"(128, 128, 128)",219.9704525612474
grey,#808080,black,#000000,bracelet,casual,128,128,128,0,0,0,1,"(128, 128, 128)",219.9704525612474
grey,#808080,black,#000000,sunglass,formal,128,128,128,0,0,0,1,"(128, 128, 128)",219.9704525612474
grey,#808080,black,#000000,watch,casual,128,128,128,0,0,0,1,"(128, 128, 128)",219.9704525612474
grey,#808080,black,#000000,belt,formal,128,128,128,0,0,0,1,"(128, 128, 128)",219.9704525612474
grey,#808080,black,#000000,watch,party,128,128,128,0,0,0,1,"(128, 128, 128)",219.9704525612474
grey,#808080,black,#000000,bracelet,sport,128,128,128,0,0,0,1,"(128, 128, 128)",219.9704525612474
grey,#808080,black,#000000,sunglass,sport,128,128,128,0,0,0,1,"(128, 128, 128)",219.9704525612474
grey,#808080,black,#000000,belt,party,128,128,128,0,0,0,1,"(128, 128, 128)",219.9704525612474
grey,#808080,black,#000000,sunglass,sport,128,128,128,0,0,0,1,"(128, 128, 128)",219.9704525612474
grey,#808080,black,#000000,belt,party,128,128,128,0,0,0,1,"(128, 128, 128)",219.9704525612474
grey,#808080,black,#000000,belt,sport,128,128,128,0,0,0,1,"(128, 128, 128)",219.9704525612474
grey,#808080,black,#000000,belt,casual,128,128,128,0,0,0,1,"(128, 128, 128)",219.9704525612474
grey,#808080,black,#000000,cap,casual,128,128,128,0,0,0,1,"(128, 128, 128)",219.9704525612474
grey,#808080,black,#000000,belt,party,128,128,128,0,0,0,1,"(128, 128, 128)",219.9704525612474
grey,#808080,black,#000000,belt,formal,128,128,128,0,0,0,1,"(128, 128, 128)",219.9704525612474
grey,#808080,black,#000000,belt,casual,128,128,128,0,0,0,1,"(128, 128, 128)",219.9704525612474
grey,#808080,black,#000000,belt,sport,128,128,128,0,0,0,1,"(128, 128, 128)",219.9704525612474
grey,#808080,black,#000000,belt,sport,128,128,128,0,0,0,1,"(128, 128, 128)",219.9704525612474
grey,#808080,black,#000000,bracelet,formal,128,128,128,0,0,0,1,"(128, 128, 128)",219.9704525612474
grey,#808080,black,#000000,sunglass,sport,128,128,128,0,0,0,1,"(128, 128, 128)",219.9704525612474
grey,#808080,black,#000000,cap,formal,128,128,128,0,0,0,1,"(128, 128, 128)",219.9704525612474
grey,#808080,navy,#000080,belt,formal,128,128,128,0,0,128,6,"(128, 128, 128)",219.9704525612474
grey,#808080,navy,#000080,sunglass,casual,128,128,128,0,0,128,6,"(128, 128, 128)",219.9704525612474
grey,#808080,navy,#000080,bracelet,sport,128,128,128,0,0,128,6,"(128, 128, 128)",219.9704525612474
grey,#808080,navy,#000080,watch,casual,128,128,128,0,0,128,6,"(128, 128, 128)",219.9704525612474
grey,#808080,navy,#000080,belt,casual,128,128,128,0,0,128,6,"(128, 128, 128)",219.9704525612474
grey,#808080,navy,#000080,watch,casual,128,128,128,0,0,128,6,"(128, 128, 128)",219.9704525612474
grey,#808080,navy,#000080,cap,formal,128,128,128,0,0,128,6,"(128, 128, 128)",219.9704525612474
grey,#808080,navy,#000080,watch,sport,128,128,128,0,0,128,6,"(128, 128, 128)",219.9704525612474
grey,#808080,navy,#000080,sunglass,casual,128,128,128,0,0,128,6,"(128, 128, 128)",219.9704525612474
grey,#808080,navy,#000080,sunglass,sport,128,128,128,0,0,128,6,"(128, 128, 128)",219.9704525612474
grey,#808080,navy,#000080,cap,formal,128,128,128,0,0,128,6,"(128, 128, 128)",219.9704525612474
grey,#808080,navy,#000080,sunglass,party,128,128,128,0,0,128,6,"(128, 128, 128)",219.9704525612474
grey,#808080,navy,#000080,belt,party,128,128,128,0,0,128,6,"(128, 128, 128)",219.9704525612474
grey,#808080,navy,#000080,cap,casual,128,128,128,0,0,128,6,"(128, 128, 128)",219.9704525612474
grey,#808080,navy,#000080,watch,formal,128,128,128,0,0,128,6,"(128, 128, 128)",219.9704525612474
grey,#808080,navy,#000080,cap,formal,128,128,128,0,0,128,6,"(128, 128, 128)",219.9704525612474
grey,#808080,navy,#000080,bracelet,formal,128,128,128,0,0,128,6,"(128, 128, 128)",219.9704525612474
grey,#808080,navy,#000080,watch,party,128,128,128,0,0,128,6,"(128, 128, 128)",219.9704525612474
grey,#808080,navy,#000080,bracelet,sport,128,128,128,0,0,128,6,"(128, 128, 128)",219.9704525612474
grey,#808080,navy,#000080,cap,formal,128,128,128,0,0,128,6,"(128, 128, 128)",219.9704525612474
grey,#808080,navy,#000080,sunglass,formal,128,128,128,0,0,128,6,"(128, 128, 128)",219.9704525612474
grey,#808080,navy,#000080,cap,formal,128,128,128,0,0,128,6,"(128, 128, 128)",219.9704525612474
grey,#808080,navy,#000080,watch,formal,128,128,128,0,0,128,6,"(128, 128, 128)",219.9704525612474
grey,#808080,navy,#000080,bracelet,formal,128,128,128,0,0,128,6,"(128, 128, 128)",219.9704525612474
grey,#808080,navy,#000080,belt,party,128,128,128,0,0,128,6,"(128, 128, 128)",219.9704525612474
grey,#808080,navy,#000080,sunglass,party,128,128,128,0,0,128,6,"(128, 128, 128)",219.9704525612474
grey,#808080,navy,#000080,sunglass,formal,128,128,128,0,0,128,6,"(128, 128, 128)",219.9704525612474
grey,#808080,navy,#000080,bracelet,party,128,128,128,0,0,128,6,"(128, 128, 128)",219.9704525612474
grey,#808080,navy,#000080,watch,sport,128,128,128,0,0,128,6,"(128, 128, 128)",219.9704525612474
grey,#808080,navy,#000080,cap,sport,128,128,128,0,0,128,6,"(128, 128, 128)",219.9704525612474
grey,#808080,navy,#000080,sunglass,casual,128,128,128,0,0,128,6,"(128, 128, 128)",219.9704525612474
grey,#808080,navy,#000080,belt,party,128,128,128,0,0,128,6,"(128, 128, 128)",219.9704525612474
grey,#808080,navy,#000080,bracelet,formal,128,128,128,0,0,128,6,"(128, 128, 128)",219.9704525612474
grey,#808080,navy,#000080,belt,casual,128,128,128,0,0,128,6,"(128, 128, 128)",219.9704525612474
grey,#808080,navy,#000080,bracelet,casual,128,128,128,0,0,128,6,"(128, 128, 128)",219.9704525612474
grey,#808080,navy,#000080,watch,formal,128,128,128,0,0,128,6,"(128, 128, 128)",219.9704525612474
grey,#808080,navy,#000080,belt,party,128,128,128,0,0,128,6,"(128, 128, 128)",219.9704525612474
grey,#808080,navy,#000080,cap,party,128,128,128,0,0,128,6,"(128, 128, 128)",219.9704525612474
grey,#808080,navy,#000080,bracelet,formal,128,128,128,0,0,128,6,"(128, 128, 128)",219.9704525612474
grey,#808080,navy,#000080,sunglass,party,128,128,128,0,0,128,6,"(128, 128, 128)",219.9704525612474
grey,#808080,white,#FFFFFF,cap,sport,128,128,128,255,255,255,7,"(128, 128, 128)",219.9704525612474
grey,#808080,white,#FFFFFF,watch,sport,128,128,128,255,255,255,7,"(128, 128, 128)",219.9704525612474
grey,#808080,white,#FFFFFF,sunglass,party,128,128,128,255,255,255,7,"(128, 128, 128)",219.9704525612474
grey,#808080,white,#FFFFFF,sunglass,sport,128,128,128,255,255,255,7,"(128, 128, 128)",219.9704525612474
grey,#808080,white,#FFFFFF,watch,casual,128,128,128,255,255,255,7,"(128, 128, 128)",219.9704525612474
grey,#808080,white,#FFFFFF,bracelet,casual,128,128,128,255,255,255,7,"(128, 128, 128)",219.9704525612474
grey,#808080,white,#FFFFFF,bracelet,formal,128,128,128,255,255,255,7,"(128, 128, 128)",219.9704525612474
grey,#808080,white,#FFFFFF,bracelet,party,128,128,128,255,255,255,7,"(128, 128, 128)",219.9704525612474
grey,#808080,white,#FFFFFF,bracelet,formal,128,128,128,255,255,255,7,"(128, 128, 128)",219.9704525612474
grey,#808080,white,#FFFFFF,belt,casual,128,128,128,255,255,255,7,"(128, 128, 128)",219.9704525612474
grey,#808080,white,#FFFFFF,bracelet,sport,128,128,128,255,255,255,7,"(128, 128, 128)",219.9704525612474
grey,#808080,white,#FFFFFF,watch,casual,128,128,128,255,255,255,7,"(128, 128, 128)",219.9704525612474
grey,#808080,white,#FFFFFF,sunglass,formal,128,128,128,255,255,255,7,"(128, 128, 128)",219.9704525612474
grey,#808080,white,#FFFFFF,watch,sport,128,128,128,255,255,255,7,"(128, 128, 128)",219.9704525612474
grey,#808080,white,#FFFFFF,cap,casual,128,128,128,255,255,255,7,"(128, 128, 128)",219.9704525612474
grey,#808080,white,#FFFFFF,sunglass,party,128,128,128,255,255,255,7,"(128, 128, 128)",219.9704525612474
grey,#808080,white,#FFFFFF,sunglass,sport,128,128,128,255,255,255,7,"(128, 128, 128)",219.9704525612474
grey,#808080,white,#FFFFFF,cap,casual,128,128,128,255,255,255,7,"(128, 128, 128)",219.9704525612474
grey,#808080,white,#FFFFFF,watch,party,128,128,128,255,255,255,7,"(128, 128, 128)",219.9704525612474
grey,#808080,white,#FFFFFF,belt,casual,128,128,128,255,255,255,7,"(128, 128, 128)",219.9704525612474
grey,#808080,white,#FFFFFF,cap,formal,128,128,128,255,255,255,7,"(128, 128, 128)",219.9704525612474
grey,#808080,white,#FFFFFF,belt,party,128,128,128,255,255,255,7,"(128, 128, 128)",219.9704525612474
grey,#808080,white,#FFFFFF,sunglass,formal,128,128,128,255,255,255,7,"(128, 128, 128)",219.9704525612474
grey,#808080,white,#FFFFFF,bracelet,party,128,128,128,255,255,255,7,"(128, 128, 128)",219.9704525612474
grey,#808080,white,#FFFFFF,cap,formal,128,128,128,255,255,255,7,"(128, 128, 128)",219.9704525612474
grey,#808080,white,#FFFFFF,sunglass,party,128,128,128,255,255,255,7,"(128, 128, 128)",219.9704525612474
grey,#808080,white,#FFFFFF,cap,sport,128,128,128,255,255,255,7,"(128, 128, 128)",219.9704525612474
grey,#808080,white,#FFFFFF,belt,formal,128,128,128,255,255,255,7,"(128, 128, 128)",219.9704525612474
grey,#808080,white,#FFFFFF,sunglass,party,128,128,128,255,255,255,7,"(128, 128, 128)",219.9704525612474
grey,#808080,white,#FFFFFF,sunglass,sport,128,128,128,255,255,255,7,"(128, 128, 128)",219.9704525612474
grey,#808080,white,#FFFFFF,cap,sport,128,128,128,255,255,255,7,"(128, 128, 128)",219.9704525612474
grey,#808080,white,#FFFFFF,belt,formal,128,128,128,255,255,255,7,"(128, 128, 128)",219.9704525612474
grey,#808080,white,#FFFFFF,watch,formal,128,128,128,255,255,255,7,"(128, 128, 128)",219.9704525612474
grey,#808080,white,#FFFFFF,cap,sport,128,128,128,255,255,255,7,"(128, 128, 128)",219.9704525612474
grey,#808080,white,#FFFFFF,belt,formal,128,128,128,255,255,255,7,"(128, 128, 128)",219.9704525612474
grey,#808080,white,#FFFFFF,watch,party,128,128,128,255,255,255,7,"(128, 128, 128)",219.9704525612474
grey,#808080,white,#FFFFFF,belt,sport,128,128,128,255,255,255,7,"(128, 128, 128)",219.9704525612474
grey,#808080,white,#FFFFFF,sunglass,sport,128,128,128,255,255,255,7,"(128, 128, 128)",219.9704525612474
grey,#808080,white,#FFFFFF,watch,party,128,128,128,255,255,255,7,"(128, 128, 128)",219.9704525612474
grey,#808080,white,#FFFFFF,watch,casual,128,128,128,255,255,255,7,"(128, 128, 128)",219.9704525612474
green,#008000,beige,#F5F5DC,bracelet,formal,0,128,0,245,245,220,0,"(0, 128, 0)",382.3336239464167
green,#008000,beige,#F5F5DC,cap,formal,0,128,0,245,245,220,0,"(0, 128, 0)",382.3336239464167
green,#008000,beige,#F5F5DC,cap,party,0,128,0,245,245,220,0,"(0, 128, 0)",382.3336239464167
green,#008000,beige,#F5F5DC,cap,casual,0,128,0,245,245,220,0,"(0, 128, 0)",382.3336239464167
green,#008000,beige,#F5F5DC,belt,casual,0,128,0,245,245,220,0,"(0, 128, 0)",382.3336239464167
green,#008000,beige,#F5F5DC,bracelet,party,0,128,0,245,245,220,0,"(0, 128, 0)",382.3336239464167
green,#008000,beige,#F5F5DC,sunglass,formal,0,128,0,245,245,220,0,"(0, 128, 0)",382.3336239464167
green,#008000,beige,#F5F5DC,belt,party,0,128,0,245,245,220,0,"(0, 128, 0)",382.3336239464167
green,#008000,beige,#F5F5DC,cap,casual,0,128,0,245,245,220,0,"(0, 128, 0)",382.3336239464167
green,#008000,beige,#F5F5DC,sunglass,party,0,128,0,245,245,220,0,"(0, 128, 0)",382.3336239464167
green,#008000,beige,#F5F5DC,cap,formal,0,128,0,245,245,220,0,"(0, 128, 0)",382.3336239464167
green,#008000,beige,#F5F5DC,belt,sport,0,128,0,245,245,220,0,"(0, 128, 0)",382.3336239464167
green,#008000,beige,#F5F5DC,bracelet,party,0,128,0,245,245,220,0,"(0, 128, 0)",382.3336239464167
green,#008000,beige,#F5F5DC,watch,party,0,128,0,245,245,220,0,"(0, 128, 0)",382.3336239464167
green,#008000,beige,#F5F5DC,sunglass,sport,0,128,0,245,245,220,0,"(0, 128, 0)",382.3336239464167
green,#008000,beige,#F5F5DC,belt,casual,0,128,0,245,245,220,0,"(0, 128, 0)",382.3336239464167
green,#008000,beige,#F5F5DC,watch,casual,0,128,0,245,245,220,0,"(0, 128, 0)",382.3336239464167
green,#008000,beige,#F5F5DC,belt,party,0,128,0,245,245,220,0,"(0, 128, 0)",382.3336239464167
green,#008000,beige,#F5F5DC,sunglass,casual,0,128,0,245,245,220,0,"(0, 128, 0)",382.3336239464167
green,#008000,beige,#F5F5DC,bracelet,party,0,128,0,245,245,220,0,"(0, 128, 0)",382.3336239464167
green,#008000,beige,#F5F5DC,watch,party,0,128,0,245,245,220,0,"(0, 128, 0)",382.3336239464167
green,#008000,beige,#F5F5DC,cap,casual,0,128,0,245,245,220,0,"(0, 128, 0)",382.3336239464167
green,#008000,beige,#F5F5DC,watch,casual,0,128,0,245,245,220,0,"(0, 128, 0)",382.3336239464167
green,#008000,beige,#F5F5DC,cap,casual,0,128,0,245,245,220,0,"(0, 128, 0)",382.3336239464167
green,#008000,beige,#F5F5DC,sunglass,formal,0,128,0,245,245,220,0,"(0, 128, 0)",382.3336239464167
green,#008000,beige,#F5F5DC,bracelet,party,0,128,0,245,245,220,0,"(0, 128, 0)",382.3336239464167
green,#008000,beige,#F5F5DC,bracelet,sport,0,128,0,245,245,220,0,"(0, 128, 0)",382.3336239464167
green,#008000,beige,#F5F5DC,bracelet,sport,0,128,0,245,245,220,0,"(0, 128, 0)",382.3336239464167
green,#008000,beige,#F5F5DC,bracelet,casual,0,128,0,245,245,220,0,"(0, 128, 0)",382.3336239464167
green,#008000,beige,#F5F5DC,cap,party,0,128,0,245,245,220,0,"(0, 128, 0)",382.3336239464167
green,#008000,beige,#F5F5DC,cap,casual,0,128,0,245,245,220,0,"(0, 128, 0)",382.3336239464167
green,#008000,beige,#F5F5DC,cap,casual,0,128,0,245,245,220,0,"(0, 128, 0)",382.3336239464167
green,#008000,beige,#F5F5DC,sunglass,sport,0,128,0,245,245,220,0,"(0, 128, 0)",382.3336239464167
green,#008000,beige,#F5F5DC,belt,formal,0,128,0,245,245,220,0,"(0, 128, 0)",382.3336239464167
green,#008000,beige,#F5F5DC,belt,formal,0,128,0,245,245,220,0,"(0, 128, 0)",382.3336239464167
green,#008000,beige,#F5F5DC,belt,party,0,128,0,245,245,220,0,"(0, 128, 0)",382.3336239464167
green,#008000,beige,#F5F5DC,cap,sport,0,128,0,245,245,220,0,"(0, 128, 0)",382.3336239464167
green,#008000,beige,#F5F5DC,sunglass,formal,0,128,0,245,245,220,0,"(0, 128, 0)",382.3336239464167
green,#008000,beige,#F5F5DC,belt,casual,0,128,0,245,245,220,0,"(0, 128, 0)",382.3336239464167
green,#008000,beige,#F5F5DC,watch,party,0,128,0,245,245,220,0,"(0, 128, 0)",382.3336239464167
green,#008000,white,#FFFFFF,cap,formal,0,128,0,255,255,255,7,"(0, 128, 0)",382.3336239464167
green,#008000,white,#FFFFFF,bracelet,sport,0,128,0,255,255,255,7,"(0, 128, 0)",382.3336239464167
green,#008000,white,#FFFFFF,sunglass,casual,0,128,0,255,255,255,7,"(0, 128, 0)",382.3336239464167
green,#008000,white,#FFFFFF,cap,casual,0,128,0,255,255,255,7,"(0, 128, 0)",382.3336239464167
green,#008000,white,#FFFFFF,cap,casual,0,128,0,255,255,255,7,"(0, 128, 0)",382.3336239464167
green,#008000,white,#FFFFFF,cap,party,0,128,0,255,255,255,7,"(0, 128, 0)",382.3336239464167
green,#008000,white,#FFFFFF,sunglass,party,0,128,0,255,255,255,7,"(0, 128, 0)",382.3336239464167
green,#008000,white,#FFFFFF,belt,formal,0,128,0,255,255,255,7,"(0, 128, 0)",382.3336239464167
green,#008000,white,#FFFFFF,watch,party,0,128,0,255,255,255,7,"(0, 128, 0)",382.3336239464167
green,#008000,white,#FFFFFF,watch,party,0,128,0,255,255,255,7,"(0, 128, 0)",382.3336239464167
green,#008000,white,#FFFFFF,sunglass,formal,0,128,0,255,255,255,7,"(0, 128, 0)",382.3336239464167
green,#008000,white,#FFFFFF,sunglass,casual,0,128,0,255,255,255,7,"(0, 128, 0)",382.3336239464167
green,#008000,white,#FFFFFF,belt,casual,0,128,0,255,255,255,7,"(0, 128, 0)",382.3336239464167
green,#008000,white,#FFFFFF,belt,casual,0,128,0,255,255,255,7,"(0, 128, 0)",382.3336239464167
green,#008000,white,#FFFFFF,bracelet,casual,0,128,0,255,255,255,7,"(0, 128, 0)",382.3336239464167
green,#008000,white,#FFFFFF,cap,party,0,128,0,255,255,255,7,"(0, 128, 0)",382.3336239464167
green,#008000,white,#FFFFFF,cap,sport,0,128,0,255,255,255,7,"(0, 128, 0)",382.3336239464167
green,#008000,white,#FFFFFF,watch,casual,0,128,0,255,255,255,7,"(0, 128, 0)",382.3336239464167
green,#008000,white,#FFFFFF,watch,formal,0,128,0,255,255,255,7,"(0, 128, 0)",382.3336239464167
green,#008000,white,#FFFFFF,watch,sport,0,128,0,255,255,255,7,"(0, 128, 0)",382.3336239464167
green,#008000,white,#FFFFFF,watch,party,0,128,0,255,255,255,7,"(0, 128, 0)",382.3336239464167
green,#008000,white,#FFFFFF,cap,casual,0,128,0,255,255,255,7,"(0, 128, 0)",382.3336239464167
green,#008000,white,#FFFFFF,watch,formal,0,128,0,255,255,255,7,"(0, 128, 0)",382.3336239464167
green,#008000,white,#FFFFFF,bracelet,casual,0,128,0,255,255,255,7,"(0, 128, 0)",382.3336239464167
green,#008000,white,#FFFFFF,sunglass,party,0,128,0,255,255,255,7,"(0, 128, 0)",382.3336239464167
green,#008000,white,#FFFFFF,bracelet,party,0,128,0,255,255,255,7,"(0, 128, 0)",382.3336239464167
green,#008000,white,#FFFFFF,belt,casual,0,128,0,255,255,255,7,"(0, 128, 0)",382.3336239464167
green,#008000,white,#FFFFFF,watch,party,0,128,0,255,255,255,7,"(0, 128, 0)",382.3336239464167
green,#008000,white,#FFFFFF,cap,sport,0,128,0,255,255,255,7,"(0, 128, 0)",382.3336239464167
green,#008000,white,#FFFFFF,belt,casual,0,128,0,255,255,255,7,"(0, 128, 0)",382.3336239464167
green,#008000,white,#FFFFFF,cap,casual,0,128,0,255,255,255,7,"(0, 128, 0)",382.3336239464167
green,#008000,white,#FFFFFF,sunglass,formal,0,128,0,255,255,255,7,"(0, 128, 0)",382.3336239464167
green,#008000,white,#FFFFFF,bracelet,sport,0,128,0,255,255,255,7,"(0, 128, 0)",382.3336239464167
green,#008000,white,#FFFFFF,sunglass,sport,0,128,0,255,255,255,7,"(0, 128, 0)",382.3336239464167
green,#008000,white,#FFFFFF,cap,party,0,128,0,255,255,255,7,"(0, 128, 0)",382.3336239464167
green,#008000,white,#FFFFFF,cap,sport,0,128,0,255,255,255,7,"(0, 128, 0)",382.3336239464167
green,#008000,white,#FFFFFF,belt,formal,0,128,0,255,255,255,7,"(0, 128, 0)",382.3336239464167
green,#008000,white,#FFFFFF,sunglass,formal,0,128,0,255,255,255,7,"(0, 128, 0)",382.3336239464167
green,#008000,white,#FFFFFF,bracelet,sport,0,128,0,255,255,255,7,"(0, 128, 0)",382.3336239464167
green,#008000,white,#FFFFFF,watch,sport,0,128,0,255,255,255,7,"(0, 128, 0)",382.3336239464167
green,#008000,brown,#A52A2A,belt,party,0,128,0,165,42,42,3,"(0, 128, 0)",382.3336239464167
green,#008000,brown,#A52A2A,sunglass,party,0,128,0,165,42,42,3,"(0, 128, 0)",382.3336239464167
green,#008000,brown,#A52A2A,watch,sport,0,128,0,165,42,42,3,"(0, 128, 0)",382.3336239464167
green,#008000,brown,#A52A2A,sunglass,party,0,128,0,165,42,42,3,"(0, 128, 0)",382.3336239464167
green,#008000,brown,#A52A2A,cap,formal,0,128,0,165,42,42,3,"(0, 128, 0)",382.3336239464167
green,#008000,brown,#A52A2A,sunglass,sport,0,128,0,165,42,42,3,"(0, 128, 0)",382.3336239464167
green,#008000,brown,#A52A2A,watch,casual,0,128,0,165,42,42,3,"(0, 128, 0)",382.3336239464167
green,#008000,brown,#A52A2A,bracelet,sport,0,128,0,165,42,42,3,"(0, 128, 0)",382.3336239464167
green,#008000,brown,#A52A2A,bracelet,party,0,128,0,165,42,42,3,"(0, 128, 0)",382.3336239464167
green,#008000,brown,#A52A2A,cap,formal,0,128,0,165,42,42,3,"(0, 128, 0)",382.3336239464167
green,#008000,brown,#A52A2A,cap,party,0,128,0,165,42,42,3,"(0, 128, 0)",382.3336239464167
green,#008000,brown,#A52A2A,belt,sport,0,128,0,165,42,42,3,"(0, 128, 0)",382.3336239464167
green,#008000,brown,#A52A2A,cap,party,0,128,0,165,42,42,3,"(0, 128, 0)",382.3336239464167
green,#008000,brown,#A52A2A,belt,casual,0,128,0,165,42,42,3,"(0, 128, 0)",382.3336239464167
green,#008000,brown,#A52A2A,sunglass,formal,0,128,0,165,42,42,3,"(0, 128, 0)",382.3336239464167
green,#008000,brown,#A52A2A,cap,casual,0,128,0,165,42,42,3,"(0, 128, 0)",382.3336239464167
green,#008000,brown,#A52A2A,cap,casual,0,128,0,165,42,42,3,"(0, 128, 0)",382.3336239464167
green,#008000,brown,#A52A2A,belt,formal,0,128,0,165,42,42,3,"(0, 128, 0)",382.3336239464167
green,#008000,brown,#A52A2A,bracelet,formal,0,128,0,165,42,42,3,"(0, 128, 0)",382.3336239464167
green,#008000,brown,#A52A2A,cap,casual,0,128,0,165,42,42,3,"(0, 128, 0)",382.3336239464167
green,#008000,brown,#A52A2A,belt,party,0,128,0,165,42,42,3,"(0, 128, 0)",382.3336239464167
green,#008000,brown,#A52A2A,sunglass,party,0,128,0,165,42,42,3,"(0, 128, 0)",382.3336239464167
green,#008000,brown,#A52A2A,bracelet,casual,0,128,0,165,42,42,3,"(0, 128, 0)",382.3336239464167
green,#008000,brown,#A52A2A,sunglass,sport,0,128,0,165,42,42,3,"(0, 128, 0)",382.3336239464167
green,#008000,brown,#A52A2A,cap,casual,0,128,0,165,42,42,3,"(0, 128, 0)",382.3336239464167
green,#008000,brown,#A52A2A,sunglass,sport,0,128,0,165,42,42,3,"(0, 128, 0)",382.3336239464167
green,#008000,brown,#A52A2A,watch,sport,0,128,0,165,42,42,3,"(0, 128, 0)",382.3336239464167
green,#008000,brown,#A52A2A,watch,party,0,128,0,165,42,42,3,"(0, 128, 0)",382.3336239464167
green,#008000,brown,#A52A2A,watch,party,0,128,0,165,42,42,3,"(0, 128, 0)",382.3336239464167
green,#008000,brown,#A52A2A,sunglass,casual,0,128,0,165,42,42,3,"(0, 128, 0)",382.3336239464167
green,#008000,brown,#A52A2A,watch,sport,0,128,0,165,42,42,3,"(0, 128, 0)",382.3336239464167
green,#008000,brown,#A52A2A,bracelet,casual,0,128,0,165,42,42,3,"(0, 128, 0)",382.3336239464167
green,#008000,brown,#A52A2A,bracelet,sport,0,128,0,165,42,42,3,"(0, 128, 0)",382.3336239464167
green,#008000,brown,#A52A2A,bracelet,formal,0,128,0,165,42,42,3,"(0, 128, 0)",382.3336239464167
green,#008000,brown,#A52A2A,watch,formal,0,128,0,165,42,42,3,"(0, 128, 0)",382.3336239464167
green,#008000,brown,#A52A2A,belt,casual,0,128,0,165,42,42,3,"(0, 128, 0)",382.3336239464167
green,#008000,brown,#A52A2A,bracelet,sport,0,128,0,165,42,42,3,"(0, 128, 0)",382.3336239464167
green,#008000,brown,#A52A2A,bracelet,party,0,128,0,165,42,42,3,"(0, 128, 0)",382.3336239464167
green,#008000,brown,#A52A2A,belt,casual,0,128,0,165,42,42,3,"(0, 128, 0)",382.3336239464167
green,#008000,brown,#A52A2A,cap,formal,0,128,0,165,42,42,3,"(0, 128, 0)",382.3336239464167
brown,#A52A2A,cream,#FFFDD0,watch,formal,165,42,42,255,253,208,4,"(165, 42, 42)",314.3851141514178
brown,#A52A2A,cream,#FFFDD0,watch,sport,165,42,42,255,253,208,4,"(165, 42, 42)",314.3851141514178
brown,#A52A2A,cream,#FFFDD0,bracelet,sport,165,42,42,255,253,208,4,"(165, 42, 42)",314.3851141514178
brown,#A52A2A,cream,#FFFDD0,cap,sport,165,42,42,255,253,208,4,"(165, 42, 42)",314.3851141514178
brown,#A52A2A,cream,#FFFDD0,sunglass,formal,165,42,42,255,253,208,4,"(165, 42, 42)",314.3851141514178
brown,#A52A2A,cream,#FFFDD0,cap,sport,165,42,42,255,253,208,4,"(165, 42, 42)",314.3851141514178
brown,#A52A2A,cream,#FFFDD0,watch,sport,165,42,42,255,253,208,4,"(165, 42, 42)",314.3851141514178
brown,#A52A2A,cream,#FFFDD0,watch,formal,165,42,42,255,253,208,4,"(165, 42, 42)",314.3851141514178
brown,#A52A2A,cream,#FFFDD0,sunglass,formal,165,42,42,255,253,208,4,"(165, 42, 42)",314.3851141514178
brown,#A52A2A,cream,#FFFDD0,bracelet,party,165,42,42,255,253,208,4,"(165, 42, 42)",314.3851141514178
brown,#A52A2A,cream,#FFFDD0,watch,sport,165,42,42,255,253,208,4,"(165, 42, 42)",314.3851141514178
brown,#A52A2A,cream,#FFFDD0,sunglass,casual,165,42,42,255,253,208,4,"(165, 42, 42)",314.3851141514178
brown,#A52A2A,cream,#FFFDD0,belt,party,165,42,42,255,253,208,4,"(165, 42, 42)",314.3851141514178
brown,#A52A2A,cream,#FFFDD0,watch,party,165,42,42,255,253,208,4,"(165, 42, 42)",314.3851141514178
brown,#A52A2A,cream,#FFFDD0,belt,party,165,42,42,255,253,208,4,"(165, 42, 42)",314.3851141514178
brown,#A52A2A,cream,#FFFDD0,watch,casual,165,42,42,255,253,208,4,"(165, 42, 42)",314.3851141514178
brown,#A52A2A,cream,#FFFDD0,bracelet,formal,165,42,42,255,253,208,4,"(165, 42, 42)",314.3851141514178
brown,#A52A2A,cream,#FFFDD0,bracelet,casual,165,42,42,255,253,208,4,"(165, 42, 42)",314.3851141514178
brown,#A52A2A,cream,#FFFDD0,belt,formal,165,42,42,255,253,208,4,"(165, 42, 42)",314.3851141514178
brown,#A52A2A,cream,#FFFDD0,sunglass,sport,165,42,42,255,253,208,4,"(165, 42, 42)",314.3851141514178
brown,#A52A2A,cream,#FFFDD0,watch,party,165,42,42,255,253,208,4,"(165, 42, 42)",314.3851141514178
brown,#A52A2A,cream,#FFFDD0,sunglass,formal,165,42,42,255,253,208,4,"(165, 42, 42)",314.3851141514178
brown,#A52A2A,cream,#FFFDD0,watch,formal,165,42,42,255,253,208,4,"(165, 42, 42)",314.3851141514178
brown,#A52A2A,cream,#FFFDD0,watch,casual,165,42,42,255,253,208,4,"(165, 42, 42)",314.3851141514178
brown,#A52A2A,cream,#FFFDD0,watch,casual,165,42,42,255,253,208,4,"(165, 42, 42)",314.3851141514178
brown,#A52A2A,cream,#FFFDD0,watch,formal,165,42,42,255,253,208,4,"(165, 42, 42)",314.3851141514178
brown,#A52A2A,cream,#FFFDD0,belt,party,165,42,42,255,253,208,4,"(165, 42, 42)",314.3851141514178
brown,#A52A2A,cream,#FFFDD0,watch,formal,165,42,42,255,253,208,4,"(165, 42, 42)",314.3851141514178
brown,#A52A2A,cream,#FFFDD0,cap,formal,165,42,42,255,253,208,4,"(165, 42, 42)",314.3851141514178
brown,#A52A2A,cream,#FFFDD0,watch,sport,165,42,42,255,253,208,4,"(165, 42, 42)",314.3851141514178
brown,#A52A2A,cream,#FFFDD0,cap,party,165,42,42,255,253,208,4,"(165, 42, 42)",314.3851141514178
brown,#A52A2A,cream,#FFFDD0,sunglass,casual,165,42,42,255,253,208,4,"(165, 42, 42)",314.3851141514178
brown,#A52A2A,cream,#FFFDD0,cap,party,165,42,42,255,253,208,4,"(165, 42, 42)",314.3851141514178
brown,#A52A2A,cream,#FFFDD0,belt,party,165,42,42,255,253,208,4,"(165, 42, 42)",314.3851141514178
brown,#A52A2A,cream,#FFFDD0,belt,sport,165,42,42,255,253,208,4,"(165, 42, 42)",314.3851141514178
brown,#A52A2A,cream,#FFFDD0,sunglass,sport,165,42,42,255,253,208,4,"(165, 42, 42)",314.3851141514178
brown,#A52A2A,cream,#FFFDD0,cap,casual,165,42,42,255,253,208,4,"(165, 42, 42)",314.3851141514178
brown,#A52A2A,cream,#FFFDD0,belt,formal,165,42,42,255,253,208,4,"(165, 42, 42)",314.3851141514178
brown,#A52A2A,cream,#FFFDD0,belt,casual,165,42,42,255,253,208,4,"(165, 42, 42)",314.3851141514178
brown,#A52A2A,cream,#FFFDD0,watch,sport,165,42,42,255,253,208,4,"(165, 42, 42)",314.3851141514178
brown,#A52A2A,white,#FFFFFF,sunglass,casual,165,42,42,255,255,255,7,"(165, 42, 42)",314.3851141514178
brown,#A52A2A,white,#FFFFFF,belt,party,165,42,42,255,255,255,7,"(165, 42, 42)",314.3851141514178
brown,#A52A2A,white,#FFFFFF,watch,casual,165,42,42,255,255,255,7,"(165, 42, 42)",314.3851141514178
brown,#A52A2A,white,#FFFFFF,bracelet,sport,165,42,42,255,255,255,7,"(165, 42, 42)",314.3851141514178
brown,#A52A2A,white,#FFFFFF,bracelet,casual,165,42,42,255,255,255,7,"(165, 42, 42)",314.3851141514178
brown,#A52A2A,white,#FFFFFF,cap,formal,165,42,42,255,255,255,7,"(165, 42, 42)",314.3851141514178
brown,#A52A2A,white,#FFFFFF,sunglass,sport,165,42,42,255,255,255,7,"(165, 42, 42)",314.3851141514178
brown,#A52A2A,white,#FFFFFF,bracelet,formal,165,42,42,255,255,255,7,"(165, 42, 42)",314.3851141514178
brown,#A52A2A,white,#FFFFFF,watch,casual,165,42,42,255,255,255,7,"(165, 42, 42)",314.3851141514178
brown,#A52A2A,white,#FFFFFF,bracelet,sport,165,42,42,255,255,255,7,"(165, 42, 42)",314.3851141514178
brown,#A52A2A,white,#FFFFFF,sunglass,formal,165,42,42,255,255,255,7,"(165, 42, 42)",314.3851141514178
brown,#A52A2A,white,#FFFFFF,watch,casual,165,42,42,255,255,255,7,"(165, 42, 42)",314.3851141514178
brown,#A52A2A,white,#FFFFFF,belt,casual,165,42,42,255,255,255,7,"(165, 42, 42)",314.3851141514178
brown,#A52A2A,white,#FFFFFF,belt,sport,165,42,42,255,255,255,7,"(165, 42, 42)",314.3851141514178
brown,#A52A2A,white,#FFFFFF,watch,formal,165,42,42,255,255,255,7,"(165, 42, 42)",314.3851141514178
brown,#A52A2A,white,#FFFFFF,belt,casual,165,42,42,255,255,255,7,"(165, 42, 42)",314.3851141514178
brown,#A52A2A,white,#FFFFFF,sunglass,casual,165,42,42,255,255,255,7,"(165, 42, 42)",314.3851141514178
brown,#A52A2A,white,#FFFFFF,watch,sport,165,42,42,255,255,255,7,"(165, 42, 42)",314.3851141514178
brown,#A52A2A,white,#FFFFFF,bracelet,formal,165,42,42,255,255,255,7,"(165, 42, 42)",314.3851141514178
brown,#A52A2A,white,#FFFFFF,sunglass,party,165,42,42,255,255,255,7,"(165, 42, 42)",314.3851141514178
brown,#A52A2A,white,#FFFFFF,bracelet,formal,165,42,42,255,255,255,7,"(165, 42, 42)",314.3851141514178
brown,#A52A2A,white,#FFFFFF,bracelet,sport,165,42,42,255,255,255,7,"(165, 42, 42)",314.3851141514178
brown,#A52A2A,white,#FFFFFF,watch,formal,165,42,42,255,255,255,7,"(165, 42, 42)",314.3851141514178
brown,#A52A2A,white,#FFFFFF,belt,sport,165,42,42,255,255,255,7,"(165, 42, 42)",314.3851141514178
brown,#A52A2A,white,#FFFFFF,cap,formal,165,42,42,255,255,255,7,"(165, 42, 42)",314.3851141514178
brown,#A52A2A,white,#FFFFFF,bracelet,party,165,42,42,255,255,255,7,"(165, 42, 42)",314.3851141514178
brown,#A52A2A,white,#FFFFFF,sunglass,party,165,42,42,255,255,255,7,"(165, 42, 42)",314.3851141514178
brown,#A52A2A,white,#FFFFFF,cap,formal,165,42,42,255,255,255,7,"(165, 42, 42)",314.3851141514178
brown,#A52A2A,white,#FFFFFF,sunglass,formal,165,42,42,255,255,255,7,"(165, 42, 42)",314.3851141514178
brown,#A52A2A,white,#FFFFFF,sunglass,party,165,42,42,255,255,255,7,"(165, 42, 42)",314.3851141514178
brown,#A52A2A,white,#FFFFFF,sunglass,sport,165,42,42,255,255,255,7,"(165, 42, 42)",314.3851141514178
brown,#A52A2A,white,#FFFFFF,belt,formal,165,42,42,255,255,255,7,"(165, 42, 42)",314.3851141514178
brown,#A52A2A,white,#FFFFFF,bracelet,party,165,42,42,255,255,255,7,"(165, 42, 42)",314.3851141514178
brown,#A52A2A,white,#FFFFFF,bracelet,sport,165,42,42,255,255,255,7,"(165, 42, 42)",314.3851141514178
brown,#A52A2A,white,#FFFFFF,cap,formal,165,42,42,255,255,255,7,"(165, 42, 42)",314.3851141514178
brown,#A52A2A,white,#FFFFFF,sunglass,party,165,42,42,255,255,255,7,"(165, 42, 42)",314.3851141514178
brown,#A52A2A,white,#FFFFFF,sunglass,sport,165,42,42,255,255,255,7,"(165, 42, 42)",314.3851141514178
brown,#A52A2A,white,#FFFFFF,bracelet,casual,165,42,42,255,255,255,7,"(165, 42, 42)",314.3851141514178
brown,#A52A2A,white,#FFFFFF,sunglass,sport,165,42,42,255,255,255,7,"(165, 42, 42)",314.3851141514178
brown,#A52A2A,white,#FFFFFF,sunglass,casual,165,42,42,255,255,255,7,"(165, 42, 42)",314.3851141514178
navy,#000080,grey,#808080,watch,casual,0,0,128,128,128,128,5,"(0, 0, 128)",382.3336239464167
navy,#000080,grey,#808080,belt,party,0,0,128,128,128,128,5,"(0, 0, 128)",382.3336239464167
navy,#000080,grey,#808080,cap,formal,0,0,128,128,128,128,5,"(0, 0, 128)",382.3336239464167
navy,#000080,grey,#808080,watch,party,0,0,128,128,128,128,5,"(0, 0, 128)",382.3336239464167
navy,#000080,grey,#808080,cap,sport,0,0,128,128,128,128,5,"(0, 0, 128)",382.3336239464167
navy,#000080,grey,#808080,watch,formal,0,0,128,128,128,128,5,"(0, 0, 128)",382.3336239464167
navy,#000080,grey,#808080,belt,party,0,0,128,128,128,128,5,"(0, 0, 128)",382.3336239464167
navy,#000080,grey,#808080,sunglass,casual,0,0,128,128,128,128,5,"(0, 0, 128)",382.3336239464167
navy,#000080,grey,#808080,cap,party,0,0,128,128,128,128,5,"(0, 0, 128)",382.3336239464167
navy,#000080,grey,#808080,belt,casual,0,0,128,128,128,128,5,"(0, 0, 128)",382.3336239464167
navy,#000080,grey,#808080,cap,casual,0,0,128,128,128,128,5,"(0, 0, 128)",382.3336239464167
navy,#000080,grey,#808080,bracelet,casual,0,0,128,128,128,128,5,"(0, 0, 128)",382.3336239464167
navy,#000080,grey,#808080,cap,formal,0,0,128,128,128,128,5,"(0, 0, 128)",382.3336239464167
navy,#000080,grey,#808080,belt,party,0,0,128,128,128,128,5,"(0, 0, 128)",382.3336239464167
navy,#000080,grey,#808080,belt,sport,0,0,128,128,128,128,5,"(0, 0, 128)",382.3336239464167
navy,#000080,grey,#808080,watch,formal,0,0,128,128,128,128,5,"(0, 0, 128)",382.3336239464167
navy,#000080,grey,#808080,sunglass,formal,0,0,128,128,128,128,5,"(0, 0, 128)",382.3336239464167
navy,#000080,grey,#808080,belt,party,0,0,128,128,128,128,5,"(0, 0, 128)",382.3336239464167
navy,#000080,grey,#808080,watch,casual,0,0,128,128,128,128,5,"(0, 0, 128)",382.3336239464167
navy,#000080,grey,#808080,bracelet,casual,0,0,128,128,128,128,5,"(0, 0, 128)",382.3336239464167
navy,#000080,grey,#808080,bracelet,formal,0,0,128,128,128,128,5,"(0, 0, 128)",382.3336239464167
navy,#000080,grey,#808080,belt,party,0,0,128,128,128,128,5,"(0, 0, 128)",382.3336239464167
navy,#000080,grey,#808080,bracelet,formal,0,0,128,128,128,128,5,"(0, 0, 128)",382.3336239464167
navy,#000080,grey,#808080,sunglass,party,0,0,128,128,128,128,5,"(0, 0, 128)",382.3336239464167
navy,#000080,grey,#808080,sunglass,casual,0,0,128,128,128,128,5,"(0, 0, 128)",382.3336239464167
navy,#000080,grey,#808080,watch,formal,0,0,128,128,128,128,5,"(0, 0, 128)",382.3336239464167
navy,#000080,grey,#808080,watch,party,0,0,128,128,128,128,5,"(0, 0, 128)",382.3336239464167
navy,#000080,grey,#808080,watch,sport,0,0,128,128,128,128,5,"(0, 0, 128)",382.3336239464167
navy,#000080,grey,#808080,watch,sport,0,0,128,128,128,128,5,"(0, 0, 128)",382.3336239464167
navy,#000080,grey,#808080,cap,casual,0,0,128,128,128,128,5,"(0, 0, 128)",382.3336239464167
navy,#000080,grey,#808080,cap,party,0,0,128,128,128,128,5,"(0, 0, 128)",382.3336239464167
navy,#000080,grey,#808080,belt,sport,0,0,128,128,128,128,5,"(0, 0, 128)",382.3336239464167
navy,#000080,grey,#808080,belt,formal,0,0,128,128,128,128,5,"(0, 0, 128)",382.3336239464167
navy,#000080,grey,#808080,watch,party,0,0,128,128,128,128,5,"(0, 0, 128)",382.3336239464167
navy,#000080,grey,#808080,belt,casual,0,0,128,128,128,128,5,"(0, 0, 128)",382.3336239464167
navy,#000080,grey,#808080,watch,sport,0,0,128,128,128,128,5,"(0, 0, 128)",382.3336239464167
navy,#000080,grey,#808080,watch,formal,0,0,128,128,128,128,5,"(0, 0, 128)",382.3336239464167
navy,#000080,grey,#808080,bracelet,casual,0,0,128,128,128,128,5,"(0, 0, 128)",382.3336239464167
navy,#000080,grey,#808080,bracelet,party,0,0,128,128,128,128,5,"(0, 0, 128)",382.3336239464167
navy,#000080,grey,#808080,sunglass,casual,0,0,128,128,128,128,5,"(0, 0, 128)",382.3336239464167
navy,#000080,white,#FFFFFF,watch,sport,0,0,128,255,255,255,7,"(0, 0, 128)",382.3336239464167
navy,#000080,white,#FFFFFF,belt,party,0,0,128,255,255,255,7,"(0, 0, 128)",382.3336239464167
navy,#000080,white,#FFFFFF,belt,party,0,0,128,255,255,255,7,"(0, 0, 128)",382.3336239464167
navy,#000080,white,#FFFFFF,cap,formal,0,0,128,255,255,255,7,"(0, 0, 128)",382.3336239464167
navy,#000080,white,#FFFFFF,sunglass,formal,0,0,128,255,255,255,7,"(0, 0, 128)",382.3336239464167
navy,#000080,white,#FFFFFF,bracelet,sport,0,0,128,255,255,255,7,"(0, 0, 128)",382.3336239464167
navy,#000080,white,#FFFFFF,bracelet,formal,0,0,128,255,255,255,7,"(0, 0, 128)",382.3336239464167
navy,#000080,white,#FFFFFF,bracelet,casual,0,0,128,255,255,255,7,"(0, 0, 128)",382.3336239464167
navy,#000080,white,#FFFFFF,watch,sport,0,0,128,255,255,255,7,"(0, 0, 128)",382.3336239464167
navy,#000080,white,#FFFFFF,watch,party,0,0,128,255,255,255,7,"(0, 0, 128)",382.3336239464167
navy,#000080,white,#FFFFFF,sunglass,formal,0,0,128,255,255,255,7,"(0, 0, 128)",382.3336239464167
navy,#000080,white,#FFFFFF,sunglass,formal,0,0,128,255,255,255,7,"(0, 0, 128)",382.3336239464167
navy,#000080,white,#FFFFFF,sunglass,casual,0,0,128,255,255,255,7,"(0, 0, 128)",382.3336239464167
navy,#000080,white,#FFFFFF,cap,sport,0,0,128,255,255,255,7,"(0, 0, 128)",382.3336239464167
navy,#000080,white,#FFFFFF,sunglass,sport,0,0,128,255,255,255,7,"(0, 0, 128)",382.3336239464167
navy,#000080,white,#FFFFFF,sunglass,casual,0,0,128,255,255,255,7,"(0, 0, 128)",382.3336239464167
navy,#000080,white,#FFFFFF,sunglass,casual,0,0,128,255,255,255,7,"(0, 0, 128)",382.3336239464167
navy,#000080,white,#FFFFFF,watch,casual,0,0,128,255,255,255,7,"(0, 0, 128)",382.3336239464167
navy,#000080,white,#FFFFFF,sunglass,casual,0,0,128,255,255,255,7,"(0, 0, 128)",382.3336239464167
navy,#000080,white,#FFFFFF,watch,sport,0,0,128,255,255,255,7,"(0, 0, 128)",382.3336239464167
navy,#000080,white,#FFFFFF,bracelet,sport,0,0,128,255,255,255,7,"(0, 0, 128)",382.3336239464167
navy,#000080,white,#FFFFFF,watch,sport,0,0,128,255,255,255,7,"(0, 0, 128)",382.3336239464167
navy,#000080,white,#FFFFFF,bracelet,sport,0,0,128,255,255,255,7,"(0, 0, 128)",382.3336239464167
navy,#000080,white,#FFFFFF,sunglass,sport,0,0,128,255,255,255,7,"(0, 0, 128)",382.3336239464167
navy,#000080,white,#FFFFFF,watch,formal,0,0,128,255,255,255,7,"(0, 0, 128)",382.3336239464167
navy,#000080,white,#FFFFFF,watch,casual,0,0,128,255,255,255,7,"(0, 0, 128)",382.3336239464167
navy,#000080,white,#FFFFFF,bracelet,sport,0,0,128,255,255,255,7,"(0, 0, 128)",382.3336239464167
navy,#000080,white,#FFFFFF,belt,party,0,0,128,255,255,255,7,"(0, 0, 128)",382.3336239464167
navy,#000080,white,#FFFFFF,watch,sport,0,0,128,255,255,255,7,"(0, 0, 128)",382.3336239464167
navy,#000080,white,#FFFFFF,sunglass,casual,0,0,128,255,255,255,7,"(0, 0, 128)",382.3336239464167
navy,#000080,white,#FFFFFF,cap,sport,0,0,128,255,255,255,7,"(0, 0, 128)",382.3336239464167
navy,#000080,white,#FFFFFF,belt,casual,0,0,128,255,255,255,7,"(0, 0, 128)",382.3336239464167
navy,#000080,white,#FFFFFF,belt,party,0,0,128,255,255,255,7,"(0, 0, 128)",382.3336239464167
navy,#000080,white,#FFFFFF,watch,formal,0,0,128,255,255,255,7,"(0, 0, 128)",382.3336239464167
navy,#000080,white,#FFFFFF,sunglass,formal,0,0,128,255,255,255,7,"(0, 0, 128)",382.3336239464167
navy,#000080,white,#FFFFFF,belt,party,0,0,128,255,255,255,7,"(0, 0, 128)",382.3336239464167
navy,#000080,white,#FFFFFF,cap,formal,0,0,128,255,255,255,7,"(0, 0, 128)",382.3336239464167
navy,#000080,white,#FFFFFF,cap,party,0,0,128,255,255,255,7,"(0, 0, 128)",382.3336239464167
navy,#000080,white,#FFFFFF,watch,sport,0,0,128,255,255,255,7,"(0, 0, 128)",382.3336239464167
navy,#000080,white,#FFFFFF,bracelet,sport,0,0,128,255,255,255,7,"(0, 0, 128)",382.3336239464167
beige,#F5F5DC,brown,#A52A2A,bracelet,sport,245,245,220,165,42,42,3,"(245, 245, 220)",37.749172176353746
beige,#F5F5DC,brown,#A52A2A,belt,casual,245,245,220,165,42,42,3,"(245, 245, 220)",37.749172176353746
beige,#F5F5DC,brown,#A52A2A,belt,sport,245,245,220,165,42,42,3,"(245, 245, 220)",37.749172176353746
beige,#F5F5DC,brown,#A52A2A,bracelet,formal,245,245,220,165,42,42,3,"(245, 245, 220)",37.749172176353746
beige,#F5F5DC,brown,#A52A2A,cap,formal,245,245,220,165,42,42,3,"(245, 245, 220)",37.749172176353746
beige,#F5F5DC,brown,#A52A2A,cap,party,245,245,220,165,42,42,3,"(245, 245, 220)",37.749172176353746
beige,#F5F5DC,brown,#A52A2A,cap,casual,245,245,220,165,42,42,3,"(245, 245, 220)",37.749172176353746
beige,#F5F5DC,brown,#A52A2A,belt,casual,245,245,220,165,42,42,3,"(245, 245, 220)",37.749172176353746
beige,#F5F5DC,brown,#A52A2A,bracelet,party,245,245,220,165,42,42,3,"(245, 245, 220)",37.749172176353746
beige,#F5F5DC,brown,#A52A2A,cap,party,245,245,220,165,42,42,3,"(245, 245, 220)",37.749172176353746
beige,#F5F5DC,brown,#A52A2A,sunglass,party,245,245,220,165,42,42,3,"(245, 245, 220)",37.749172176353746
beige,#F5F5DC,brown,#A52A2A,bracelet,formal,245,245,220,165,42,42,3,"(245, 245, 220)",37.749172176353746
beige,#F5F5DC,brown,#A52A2A,belt,casual,245,245,220,165,42,42,3,"(245, 245, 220)",37.749172176353746
beige,#F5F5DC,brown,#A52A2A,watch,casual,245,245,220,165,42,42,3,"(245, 245, 220)",37.749172176353746
beige,#F5F5DC,brown,#A52A2A,cap,formal,245,245,220,165,42,42,3,"(245, 245, 220)",37.749172176353746
beige,#F5F5DC,brown,#A52A2A,watch,formal,245,245,220,165,42,42,3,"(245, 245, 220)",37.749172176353746
beige,#F5F5DC,brown,#A52A2A,bracelet,formal,245,245,220,165,42,42,3,"(245, 245, 220)",37.749172176353746
beige,#F5F5DC,brown,#A52A2A,cap,formal,245,245,220,165,42,42,3,"(245, 245, 220)",37.749172176353746
beige,#F5F5DC,brown,#A52A2A,cap,casual,245,245,220,165,42,42,3,"(245, 245, 220)",37.749172176353746
beige,#F5F5DC,brown,#A52A2A,watch,casual,245,245,220,165,42,42,3,"(245, 245, 220)",37.749172176353746
beige,#F5F5DC,brown,#A52A2A,sunglass,sport,245,245,220,165,42,42,3,"(245, 245, 220)",37.749172176353746
beige,#F5F5DC,brown,#A52A2A,cap,formal,245,245,220,165,42,42,3,"(245, 245, 220)",37.749172176353746
beige,#F5F5DC,brown,#A52A2A,belt,sport,245,245,220,165,42,42,3,"(245, 245, 220)",37.749172176353746
beige,#F5F5DC,brown,#A52A2A,belt,casual,245,245,220,165,42,42,3,"(245, 245, 220)",37.749172176353746
beige,#F5F5DC,brown,#A52A2A,watch,sport,245,245,220,165,42,42,3,"(245, 245, 220)",37.749172176353746
beige,#F5F5DC,brown,#A52A2A,sunglass,casual,245,245,220,165,42,42,3,"(245, 245, 220)",37.749172176353746
beige,#F5F5DC,brown,#A52A2A,bracelet,sport,245,245,220,165,42,42,3,"(245, 245, 220)",37.749172176353746
beige,#F5F5DC,brown,#A52A2A,sunglass,party,245,245,220,165,42,42,3,"(245, 245, 220)",37.749172176353746
beige,#F5F5DC,brown,#A52A2A,sunglass,casual,245,245,220,165,42,42,3,"(245, 245, 220)",37.749172176353746
beige,#F5F5DC,brown,#A52A2A,sunglass,casual,245,245,220,165,42,42,3,"(245, 245, 220)",37.749172176353746
beige,#F5F5DC,brown,#A52A2A,bracelet,party,245,245,220,165,42,42,3,"(245, 245, 220)",37.749172176353746
beige,#F5F5DC,brown,#A52A2A,belt,casual,245,245,220,165,42,42,3,"(245, 245, 220)",37.749172176353746
beige,#F5F5DC,brown,#A52A2A,sunglass,party,245,245,220,165,42,42,3,"(245, 245, 220)",37.749172176353746
beige,#F5F5DC,brown,#A52A2A,bracelet,sport,245,245,220,165,42,42,3,"(245, 245, 220)",37.749172176353746
beige,#F5F5DC,brown,#A52A2A,watch,formal,245,245,220,165,42,42,3,"(245, 245, 220)",37.749172176353746
beige,#F5F5DC,brown,#A52A2A,watch,casual,245,245,220,165,42,42,3,"(245, 245, 220)",37.749172176353746
beige,#F5F5DC,brown,#A52A2A,cap,sport,245,245,220,165,42,42,3,"(245, 245, 220)",37.749172176353746
beige,#F5F5DC,brown,#A52A2A,bracelet,sport,245,245,220,165,42,42,3,"(245, 245, 220)",37.749172176353746
beige,#F5F5DC,brown,#A52A2A,sunglass,formal,245,245,220,165,42,42,3,"(245, 245, 220)",37.749172176353746
beige,#F5F5DC,brown,#A52A2A,sunglass,formal,245,245,220,165,42,42,3,"(245, 245, 220)",37.749172176353746
beige,#F5F5DC,black,#000000,bracelet,sport,245,245,220,0,0,0,1,"(245, 245, 220)",37.749172176353746
beige,#F5F5DC,black,#000000,cap,formal,245,245,220,0,0,0,1,"(245, 245, 220)",37.749172176353746
beige,#F5F5DC,black,#000000,cap,formal,245,245,220,0,0,0,1,"(245, 245, 220)",37.749172176353746
beige,#F5F5DC,black,#000000,bracelet,casual,245,245,220,0,0,0,1,"(245, 245, 220)",37.749172176353746
beige,#F5F5DC,black,#000000,cap,sport,245,245,220,0,0,0,1,"(245, 245, 220)",37.749172176353746
beige,#F5F5DC,black,#000000,cap,formal,245,245,220,0,0,0,1,"(245, 245, 220)",37.749172176353746
beige,#F5F5DC,black,#000000,sunglass,casual,245,245,220,0,0,0,1,"(245, 245, 220)",37.749172176353746
beige,#F5F5DC,black,#000000,watch,casual,245,245,220,0,0,0,1,"(245, 245, 220)",37.749172176353746
beige,#F5F5DC,black,#000000,sunglass,casual,245,245,220,0,0,0,1,"(245, 245, 220)",37.749172176353746
beige,#F5F5DC,black,#000000,bracelet,casual,245,245,220,0,0,0,1,"(245, 245, 220)",37.749172176353746
beige,#F5F5DC,black,#000000,cap,casual,245,245,220,0,0,0,1,"(245, 245, 220)",37.749172176353746
beige,#F5F5DC,black,#000000,cap,party,245,245,220,0,0,0,1,"(245, 245, 220)",37.749172176353746
beige,#F5F5DC,black,#000000,watch,formal,245,245,220,0,0,0,1,"(245, 245, 220)",37.749172176353746
beige,#F5F5DC,black,#000000,cap,casual,245,245,220,0,0,0,1,"(245, 245, 220)",37.749172176353746
beige,#F5F5DC,black,#000000,belt,sport,245,245,220,0,0,0,1,"(245, 245, 220)",37.749172176353746
beige,#F5F5DC,black,#000000,bracelet,formal,245,245,220,0,0,0,1,"(245, 245, 220)",37.749172176353746
beige,#F5F5DC,black,#000000,watch,party,245,245,220,0,0,0,1,"(245, 245, 220)",37.749172176353746
beige,#F5F5DC,black,#000000,cap,casual,245,245,220,0,0,0,1,"(245, 245, 220)",37.749172176353746
beige,#F5F5DC,black,#000000,cap,formal,245,245,220,0,0,0,1,"(245, 245, 220)",37.749172176353746
beige,#F5F5DC,black,#000000,cap,party,245,245,220,0,0,0,1,"(245, 245, 220)",37.749172176353746
beige,#F5F5DC,black,#000000,sunglass,party,245,245,220,0,0,0,1,"(245, 245, 220)",37.749172176353746
beige,#F5F5DC,black,#000000,watch,party,245,245,220,0,0,0,1,"(245, 245, 220)",37.749172176353746
beige,#F5F5DC,black,#000000,belt,party,245,245,220,0,0,0,1,"(245, 245, 220)",37.749172176353746
beige,#F5F5DC,black,#000000,cap,party,245,245,220,0,0,0,1,"(245, 245, 220)",37.749172176353746
beige,#F5F5DC,black,#000000,belt,formal,245,245,220,0,0,0,1,"(245, 245, 220)",37.749172176353746
beige,#F5F5DC,black,#000000,bracelet,sport,245,245,220,0,0,0,1,"(245, 245, 220)",37.749172176353746
beige,#F5F5DC,black,#000000,watch,casual,245,245,220,0,0,0,1,"(245, 245, 220)",37.749172176353746
beige,#F5F5DC,black,#000000,cap,formal,245,245,220,0,0,0,1,"(245, 245, 220)",37.749172176353746
beige,#F5F5DC,black,#000000,watch,formal,245,245,220,0,0,0,1,"(245, 245, 220)",37.749172176353746
beige,#F5F5DC,black,#000000,bracelet,party,245,245,220,0,0,0,1,"(245, 245, 220)",37.749172176353746
beige,#F5F5DC,black,#000000,watch,casual,245,245,220,0,0,0,1,"(245, 245, 220)",37.749172176353746
beige,#F5F5DC,black,#000000,watch,party,245,245,220,0,0,0,1,"(245, 245, 220)",37.749172176353746
beige,#F5F5DC,black,#000000,cap,casual,245,245,220,0,0,0,1,"(245, 245, 220)",37.749172176353746
beige,#F5F5DC,black,#000000,sunglass,party,245,245,220,0,0,0,1,"(245, 245, 220)",37.749172176353746
beige,#F5F5DC,black,#000000,watch,sport,245,245,220,0,0,0,1,"(245, 245, 220)",37.749172176353746
beige,#F5F5DC,black,#000000,sunglass,party,245,245,220,0,0,0,1,"(245, 245, 220)",37.749172176353746
beige,#F5F5DC,black,#000000,bracelet,party,245,245,220,0,0,0,1,"(245, 245, 220)",37.749172176353746
beige,#F5F5DC,black,#000000,sunglass,sport,245,245,220,0,0,0,1,"(245, 245, 220)",37.749172176353746
beige,#F5F5DC,black,#000000,watch,party,245,245,220,0,0,0,1,"(245, 245, 220)",37.749172176353746
beige,#F5F5DC,black,#000000,watch,party,245,245,220,0,0,0,1,"(245, 245, 220)",37.749172176353746
cream,#FFFDD0,brown,#A52A2A,bracelet,sport,255,253,208,165,42,42,3,"(255, 253, 208)",47.042533945356304
cream,#FFFDD0,brown,#A52A2A,belt,formal,255,253,208,165,42,42,3,"(255, 253, 208)",47.042533945356304
cream,#FFFDD0,brown,#A52A2A,bracelet,sport,255,253,208,165,42,42,3,"(255, 253, 208)",47.042533945356304
cream,#FFFDD0,brown,#A52A2A,bracelet,sport,255,253,208,165,42,42,3,"(255, 253, 208)",47.042533945356304
cream,#FFFDD0,brown,#A52A2A,sunglass,party,255,253,208,165,42,42,3,"(255, 253, 208)",47.042533945356304
cream,#FFFDD0,brown,#A52A2A,cap,party,255,253,208,165,42,42,3,"(255, 253, 208)",47.042533945356304
cream,#FFFDD0,brown,#A52A2A,cap,sport,255,253,208,165,42,42,3,"(255, 253, 208)",47.042533945356304
cream,#FFFDD0,brown,#A52A2A,sunglass,party,255,253,208,165,42,42,3,"(255, 253, 208)",47.042533945356304
cream,#FFFDD0,brown,#A52A2A,belt,casual,255,253,208,165,42,42,3,"(255, 253, 208)",47.042533945356304
cream,#FFFDD0,brown,#A52A2A,sunglass,formal,255,253,208,165,42,42,3,"(255, 253, 208)",47.042533945356304
cream,#FFFDD0,brown,#A52A2A,bracelet,formal,255,253,208,165,42,42,3,"(255, 253, 208)",47.042533945356304
cream,#FFFDD0,brown,#A52A2A,sunglass,sport,255,253,208,165,42,42,3,"(255, 253, 208)",47.042533945356304
cream,#FFFDD0,brown,#A52A2A,bracelet,sport,255,253,208,165,42,42,3,"(255, 253, 208)",47.042533945356304
cream,#FFFDD0,brown,#A52A2A,bracelet,sport,255,253,208,165,42,42,3,"(255, 253, 208)",47.042533945356304
cream,#FFFDD0,brown,#A52A2A,sunglass,casual,255,253,208,165,42,42,3,"(255, 253, 208)",47.042533945356304
cream,#FFFDD0,brown,#A52A2A,cap,formal,255,253,208,165,42,42,3,"(255, 253, 208)",47.042533945356304
cream,#FFFDD0,brown,#A52A2A,watch,party,255,253,208,165,42,42,3,"(255, 253, 208)",47.042533945356304
cream,#FFFDD0,brown,#A52A2A,belt,party,255,253,208,165,42,42,3,"(255, 253, 208)",47.042533945356304
cream,#FFFDD0,brown,#A52A2A,cap,formal,255,253,208,165,42,42,3,"(255, 253, 208)",47.042533945356304
cream,#FFFDD0,brown,#A52A2A,bracelet,sport,255,253,208,165,42,42,3,"(255, 253, 208)",47.042533945356304
cream,#FFFDD0,brown,#A52A2A,bracelet,formal,255,253,208,165,42,42,3,"(255, 253, 208)",47.042533945356304
cream,#FFFDD0,brown,#A52A2A,sunglass,party,255,253,208,165,42,42,3,"(255, 253, 208)",47.042533945356304
cream,#FFFDD0,brown,#A52A2A,watch,sport,255,253,208,165,42,42,3,"(255, 253, 208)",47.042533945356304
cream,#FFFDD0,brown,#A52A2A,bracelet,sport,255,253,208,165,42,42,3,"(255, 253, 208)",47.042533945356304
cream,#FFFDD0,brown,#A52A2A,sunglass,casual,255,253,208,165,42,42,3,"(255, 253, 208)",47.042533945356304
cream,#FFFDD0,brown,#A52A2A,bracelet,party,255,253,208,165,42,42,3,"(255, 253, 208)",47.042533945356304
cream,#FFFDD0,brown,#A52A2A,belt,formal,255,253,208,165,42,42,3,"(255, 253, 208)",47.042533945356304
cream,#FFFDD0,brown,#A52A2A,bracelet,casual,255,253,208,165,42,42,3,"(255, 253, 208)",47.042533945356304
cream,#FFFDD0,brown,#A52A2A,cap,sport,255,253,208,165,42,42,3,"(255, 253, 208)",47.042533945356304
cream,#FFFDD0,brown,#A52A2A,bracelet,party,255,253,208,165,42,42,3,"(255, 253, 208)",47.042533945356304
cream,#FFFDD0,brown,#A52A2A,belt,formal,255,253,208,165,42,42,3,"(255, 253, 208)",47.042533945356304
cream,#FFFDD0,brown,#A52A2A,cap,sport,255,253,208,165,42,42,3,"(255, 253, 208)",47.042533945356304
cream,#FFFDD0,brown,#A52A2A,cap,casual,255,253,208,165,42,42,3,"(255, 253, 208)",47.042533945356304
cream,#FFFDD0,brown,#A52A2A,bracelet,formal,255,253,208,165,42,42,3,"(255, 253, 208)",47.042533945356304
cream,#FFFDD0,brown,#A52A2A,cap,formal,255,253,208,165,42,42,3,"(255, 253, 208)",47.042533945356304
cream,#FFFDD0,brown,#A52A2A,belt,casual,255,253,208,165,42,42,3,"(255, 253, 208)",47.042533945356304
cream,#FFFDD0,brown,#A52A2A,bracelet,casual,255,253,208,165,42,42,3,"(255, 253, 208)",47.042533945356304
cream,#FFFDD0,brown,#A52A2A,cap,formal,255,253,208,165,42,42,3,"(255, 253, 208)",47.042533945356304
cream,#FFFDD0,brown,#A52A2A,bracelet,formal,255,253,208,165,42,42,3,"(255, 253, 208)",47.042533945356304
cream,#FFFDD0,brown,#A52A2A,belt,party,255,253,208,165,42,42,3,"(255, 253, 208)",47.042533945356304
cream,#FFFDD0,black,#000000,sunglass,party,255,253,208,0,0,0,1,"(255, 253, 208)",47.042533945356304
cream,#FFFDD0,black,#000000,sunglass,casual,255,253,208,0,0,0,1,"(255, 253, 208)",47.042533945356304
cream,#FFFDD0,black,#000000,bracelet,formal,255,253,208,0,0,0,1,"(255, 253, 208)",47.042533945356304
cream,#FFFDD0,black,#000000,bracelet,formal,255,253,208,0,0,0,1,"(255, 253, 208)",47.042533945356304
cream,#FFFDD0,black,#000000,watch,sport,255,253,208,0,0,0,1,"(255, 253, 208)",47.042533945356304
cream,#FFFDD0,black,#000000,belt,casual,255,253,208,0,0,0,1,"(255, 253, 208)",47.042533945356304
cream,#FFFDD0,black,#000000,cap,party,255,253,208,0,0,0,1,"(255, 253, 208)",47.042533945356304
cream,#FFFDD0,black,#000000,bracelet,formal,255,253,208,0,0,0,1,"(255, 253, 208)",47.042533945356304
cream,#FFFDD0,black,#000000,belt,party,255,253,208,0,0,0,1,"(255, 253, 208)",47.042533945356304
cream,#FFFDD0,black,#000000,bracelet,formal,255,253,208,0,0,0,1,"(255, 253, 208)",47.042533945356304
cream,#FFFDD0,black,#000000,bracelet,formal,255,253,208,0,0,0,1,"(255, 253, 208)",47.042533945356304
cream,#FFFDD0,black,#000000,sunglass,sport,255,253,208,0,0,0,1,"(255, 253, 208)",47.042533945356304
cream,#FFFDD0,black,#000000,sunglass,sport,255,253,208,0,0,0,1,"(255, 253, 208)",47.042533945356304
cream,#FFFDD0,black,#000000,sunglass,casual,255,253,208,0,0,0,1,"(255, 253, 208)",47.042533945356304
cream,#FFFDD0,black,#000000,bracelet,party,255,253,208,0,0,0,1,"(255, 253, 208)",47.042533945356304
cream,#FFFDD0,black,#000000,sunglass,casual,255,253,208,0,0,0,1,"(255, 253, 208)",47.042533945356304
cream,#FFFDD0,black,#000000,bracelet,casual,255,253,208,0,0,0,1,"(255, 253, 208)",47.042533945356304
cream,#FFFDD0,black,#000000,cap,formal,255,253,208,0,0,0,1,"(255, 253, 208)",47.042533945356304
cream,#FFFDD0,black,#000000,cap,sport,255,253,208,0,0,0,1,"(255, 253, 208)",47.042533945356304
cream,#FFFDD0,black,#000000,cap,party,255,253,208,0,0,0,1,"(255, 253, 208)",47.042533945356304
cream,#FFFDD0,black,#000000,watch,sport,255,253,208,0,0,0,1,"(255, 253, 208)",47.042533945356304
cream,#FFFDD0,black,#000000,bracelet,formal,255,253,208,0,0,0,1,"(255, 253, 208)",47.042533945356304
cream,#FFFDD0,black,#000000,bracelet,sport,255,253,208,0,0,0,1,"(255, 253, 208)",47.042533945356304
cream,#FFFDD0,black,#000000,bracelet,party,255,253,208,0,0,0,1,"(255, 253, 208)",47.042533945356304
cream,#FFFDD0,black,#000000,sunglass,formal,255,253,208,0,0,0,1,"(255, 253, 208)",47.042533945356304
cream,#FFFDD0,black,#000000,bracelet,formal,255,253,208,0,0,0,1,"(255, 253, 208)",47.042533945356304
cream,#FFFDD0,black,#000000,belt,formal,255,253,208,0,0,0,1,"(255, 253, 208)",47.042533945356304
cream,#FFFDD0,black,#000000,belt,formal,255,253,208,0,0,0,1,"(255, 253, 208)",47.042533945356304
cream,#FFFDD0,black,#000000,sunglass,party,255,253,208,0,0,0,1,"(255, 253, 208)",47.042533945356304
cream,#FFFDD0,black,#000000,bracelet,sport,255,253,208,0,0,0,1,"(255, 253, 208)",47.042533945356304
cream,#FFFDD0,black,#000000,sunglass,sport,255,253,208,0,0,0,1,"(255, 253, 208)",47.042533945356304
cream,#FFFDD0,black,#000000,sunglass,party,255,253,208,0,0,0,1,"(255, 253, 208)",47.042533945356304
cream,#FFFDD0,black,#000000,watch,formal,255,253,208,0,0,0,1,"(255, 253, 208)",47.042533945356304
cream,#FFFDD0,black,#000000,cap,party,255,253,208,0,0,0,1,"(255, 253, 208)",47.042533945356304
cream,#FFFDD0,black,#000000,belt,formal,255,253,208,0,0,0,1,"(255, 253, 208)",47.042533945356304
cream,#FFFDD0,black,#000000,bracelet,casual,255,253,208,0,0,0,1,"(255, 253, 208)",47.042533945356304
cream,#FFFDD0,black,#000000,bracelet,party,255,253,208,0,0,0,1,"(255, 253, 208)",47.042533945356304
cream,#FFFDD0,black,#000000,bracelet,sport,255,253,208,0,0,0,1,"(255, 253, 208)",47.042533945356304
cream,#FFFDD0,black,#000000,bracelet,formal,255,253,208,0,0,0,1,"(255, 253, 208)",47.042533945356304
cream,#FFFDD0,black,#000000,cap,sport,255,253,208,0,0,0,1,"(255, 253, 208)",47.042533945356304
